id,n_trn,source,trn,registry
tri00001,1,ictrp,NCT04246242,ClinicalTrials.gov
tri00005,1,ictrp,NCT04260594,ClinicalTrials.gov
tri00012,1,ictrp,ChiCTR2000029939,ChiCTR
tri00013,1,ictrp,ChiCTR2000029935,ChiCTR
tri00020,1,ictrp,ChiCTR2000029867,ChiCTR
tri00021,1,ictrp,ChiCTR2000029855,ChiCTR
tri00023,1,ictrp,ChiCTR2000029850,ChiCTR
tri00024,1,ictrp,ChiCTR2000029849,ChiCTR
tri00028,1,ictrp,ChiCTR2000029819,ChiCTR
tri00030,1,ictrp,ChiCTR2000029814,ChiCTR
tri00031,1,ictrp,ChiCTR2000029813,ChiCTR
tri00032,1,ictrp,ChiCTR2000029811,ChiCTR
tri00034,1,ictrp,ChiCTR2000029806,ChiCTR
tri00037,1,ictrp,ChiCTR2000029790,ChiCTR
tri00038,1,ictrp,ChiCTR2000029789,ChiCTR
tri00039,1,ictrp,ChiCTR2000029788,ChiCTR
tri00044,1,ictrp,ChiCTR2000029776,ChiCTR
tri00051,1,ictrp,ChiCTR2000029756,ChiCTR
tri00054,1,ictrp,ChiCTR2000029747,ChiCTR
tri00055,1,ictrp,ChiCTR2000029742,ChiCTR
tri00056,1,ictrp,ChiCTR2000029741,ChiCTR
tri00057,1,ictrp,ChiCTR2000029739,ChiCTR
tri00063,1,ictrp,ChiCTR2000029639,ChiCTR
tri00065,1,ictrp,ChiCTR2000029636,ChiCTR
tri00070,1,ictrp,ChiCTR2000029621,ChiCTR
tri00071,1,ictrp,ChiCTR2000029609,ChiCTR
tri00072,1,ictrp,ChiCTR2000029606,ChiCTR
tri00074,1,ictrp,ChiCTR2000029602,ChiCTR
tri00075,1,ictrp,ChiCTR2000029601,ChiCTR
tri00078,1,ictrp,ChiCTR2000029572,ChiCTR
tri00079,1,ictrp,ChiCTR2000029569,ChiCTR
tri00084,1,ictrp,ChiCTR2000029542,ChiCTR
tri00085,1,ictrp,ChiCTR2000029541,ChiCTR
tri00086,1,ictrp,ChiCTR2000029539,ChiCTR
tri00089,1,ictrp,ChiCTR2000029495,ChiCTR
tri00090,1,ictrp,ChiCTR2000029493,ChiCTR
tri00094,1,ictrp,ChiCTR2000029461,ChiCTR
tri00095,1,ictrp,ChiCTR2000029460,ChiCTR
tri00096,1,ictrp,ChiCTR2000029459,ChiCTR
tri00097,1,ictrp,ChiCTR2000029439,ChiCTR
tri00098,1,ictrp,ChiCTR2000029438,ChiCTR
tri00100,1,ictrp,ChiCTR2000029436,ChiCTR
tri00103,1,ictrp,ChiCTR2000029431,ChiCTR
tri00105,1,ictrp,ChiCTR2000029418,ChiCTR
tri00106,1,ictrp,ChiCTR2000029400,ChiCTR
tri00107,1,ictrp,ChiCTR2000029381,ChiCTR
tri00113,1,ictrp,ChiCTR2000030170,ChiCTR
tri00114,1,ictrp,ChiCTR2000030167,ChiCTR
tri00116,1,ictrp,ChiCTR2000030165,ChiCTR
tri00122,1,ictrp,ChiCTR2000030117,ChiCTR
tri00123,1,ictrp,ChiCTR2000030116,ChiCTR
tri00129,1,ictrp,ChiCTR2000030093,ChiCTR
tri00132,1,ictrp,ChiCTR2000030089,ChiCTR
tri00133,1,ictrp,ChiCTR2000030088,ChiCTR
tri00136,1,ictrp,ChiCTR2000030084,ChiCTR
tri00140,1,ictrp,ChiCTR2000030046,ChiCTR
tri00141,1,ictrp,ChiCTR2000030043,ChiCTR
tri00149,1,ictrp,ChiCTR2000030027,ChiCTR
tri00151,1,ictrp,ChiCTR2000030020,ChiCTR
tri00154,1,ictrp,ChiCTR2000030016,ChiCTR
tri00156,1,ictrp,ChiCTR2000030012,ChiCTR
tri00162,1,ictrp,ChiCTR2000030003,ChiCTR
tri00163,1,ictrp,ChiCTR2000030002,ChiCTR
tri00165,1,ictrp,ChiCTR2000030000,ChiCTR
tri00166,1,ictrp,ChiCTR2000029999,ChiCTR
tri00169,1,ictrp,ChiCTR2000029994,ChiCTR
tri00176,1,ictrp,ChiCTR2000029978,ChiCTR
tri00177,1,ictrp,ChiCTR2000029974,ChiCTR
tri00181,1,ictrp,ChiCTR2000029956,ChiCTR
tri00186,1,ictrp,ChiCTR2000029803,ChiCTR
tri00193,1,ictrp,NCT04275245,ClinicalTrials.gov
tri00195,1,ictrp,NCT04279197,ClinicalTrials.gov
tri00199,1,ictrp,NCT04280588,ClinicalTrials.gov
tri00201,1,ictrp,ChiCTR2000030433,ChiCTR
tri00202,1,ictrp,ChiCTR2000030432,ChiCTR
tri00203,1,ictrp,ChiCTR2000030424,ChiCTR
tri00204,1,ictrp,ChiCTR2000030420,ChiCTR
tri00205,1,ictrp,ChiCTR2000030418,ChiCTR
tri00206,1,ictrp,ChiCTR2000030398,ChiCTR
tri00211,1,ictrp,ChiCTR2000030386,ChiCTR
tri00220,1,ictrp,ChiCTR2000030317,ChiCTR
tri00227,1,ictrp,ChiCTR2000030265,ChiCTR
tri00231,1,ictrp,ChiCTR2000030260,ChiCTR
tri00233,1,ictrp,ChiCTR2000030258,ChiCTR
tri00235,1,ictrp,ChiCTR2000030255,ChiCTR
tri00238,1,ictrp,ChiCTR2000030225,ChiCTR
tri00241,1,ictrp,ChiCTR2000030219,ChiCTR
tri00243,1,ictrp,ChiCTR2000030215,ChiCTR
tri00250,1,ictrp,ChiCTR2000029991,ChiCTR
tri00263,1,ictrp,ChiCTR2000029387,ChiCTR
tri00264,1,ictrp,ChiCTR2000029386,ChiCTR
tri00269,1,ictrp,NCT04286503,ClinicalTrials.gov
tri00274,1,ictrp,ChiCTR2000030578,ChiCTR
tri00287,1,ictrp,ChiCTR2000030522,ChiCTR
tri00289,1,ictrp,ChiCTR2000030503,ChiCTR
tri00297,1,ictrp,ChiCTR2000030484,ChiCTR
tri00300,1,ictrp,ChiCTR2000030480,ChiCTR
tri00301,1,ictrp,ChiCTR2000030479,ChiCTR
tri00308,1,ictrp,ChiCTR2000030467,ChiCTR
tri00317,1,ictrp,ChiCTR2000029993,ChiCTR
tri00319,1,ictrp,ChiCTR2000029757,ChiCTR
tri00320,1,ictrp,ChiCTR2000029580,ChiCTR
tri00324,1,ictrp,ChiCTR2000029308,ChiCTR
tri00328,1,ictrp,NCT04295551,ClinicalTrials.gov
tri00329,1,ictrp,NCT04296643,ClinicalTrials.gov
tri00335,1,ictrp,ChiCTR2000030897,ChiCTR
tri00336,1,ictrp,ChiCTR2000030896,ChiCTR
tri00339,1,ictrp,ChiCTR2000030892,ChiCTR
tri00343,1,ictrp,ChiCTR2000030864,ChiCTR
tri00357,1,ictrp,ChiCTR2000030849,ChiCTR
tri00362,1,ictrp,ChiCTR2000030835,ChiCTR
tri00365,1,ictrp,ChiCTR2000030832,ChiCTR
tri00378,1,ictrp,ChiCTR2000030804,ChiCTR
tri00392,1,ictrp,ChiCTR2000030773,ChiCTR
tri00407,1,ictrp,ChiCTR2000030751,ChiCTR
tri00409,1,ictrp,ChiCTR2000030744,ChiCTR
tri00416,1,ictrp,ChiCTR2000030720,ChiCTR
tri00425,1,ictrp,ChiCTR2000030702,ChiCTR
tri00426,1,ictrp,ChiCTR2000030701,ChiCTR
tri00427,1,ictrp,ChiCTR2000030700,ChiCTR
tri00433,1,ictrp,ChiCTR2000030681,ChiCTR
tri00445,1,ictrp,ChiCTR2000030476,ChiCTR
tri00448,1,ictrp,ChiCTR2000030388,ChiCTR
tri00473,1,ictrp,NCT04264533,ClinicalTrials.gov
tri00475,1,ictrp,NCT04299724,ClinicalTrials.gov
tri00476,1,ictrp,NCT04302519,ClinicalTrials.gov
tri00482,1,ictrp,ChiCTR2000031139,ChiCTR
tri00483,1,ictrp,ChiCTR2000031138,ChiCTR
tri00486,1,ictrp,ChiCTR2000031090,ChiCTR
tri00491,1,ictrp,ChiCTR2000030996,ChiCTR
tri00494,1,ictrp,ChiCTR2000030989,ChiCTR
tri00503,1,ictrp,ChiCTR2000030944,ChiCTR
tri00507,1,ictrp,ChiCTR2000030939,ChiCTR
tri00509,1,ictrp,ChiCTR2000030933,ChiCTR
tri00513,1,ictrp,ChiCTR2000030922,ChiCTR
tri00514,1,ictrp,ChiCTR2000030920,ChiCTR
tri00516,1,ictrp,ChiCTR2000030906,ChiCTR
tri00519,1,ictrp,ChiCTR2000030539,ChiCTR
tri00530,1,ictrp,ChiCTR2000029496,ChiCTR
tri00531,1,ictrp,EUCTR2020-000890-25,EudraCT
tri00540,1,ictrp,NCT04276896,ClinicalTrials.gov
tri00543,1,ictrp,NCT04291053,ClinicalTrials.gov
tri00549,1,ictrp,NCT04308317,ClinicalTrials.gov
tri00556,1,ictrp,NCT04316728,ClinicalTrials.gov
tri00569,1,ictrp,ChiCTR2000031319,ChiCTR
tri00574,1,ictrp,ChiCTR2000031271,ChiCTR
tri00583,1,ictrp,ChiCTR2000031203,ChiCTR
tri00585,1,ictrp,ChiCTR2000031196,ChiCTR
tri00592,1,ictrp,ChiCTR2000030937,ChiCTR
tri00598,1,ictrp,ChiCTR2000030288,ChiCTR
tri00600,1,ictrp,ChiCTR2000030198,ChiCTR
tri00601,1,ictrp,ChiCTR2000030028,ChiCTR
tri00603,1,ictrp,EUCTR2020-000919-69,EudraCT
tri00613,1,ictrp,NCT04323514,ClinicalTrials.gov
tri00621,1,ictrp,ISRCTN14966673,ISRCTN
tri00622,1,ictrp,ChiCTR2000031639,ChiCTR
tri00627,1,ictrp,ChiCTR2000031540,ChiCTR
tri00631,1,ictrp,ChiCTR2000031503,ChiCTR
tri00632,1,ictrp,ChiCTR2000031501,ChiCTR
tri00635,1,ictrp,ChiCTR2000031494,ChiCTR
tri00637,1,ictrp,ChiCTR2000031454,ChiCTR
tri00638,1,ictrp,ChiCTR2000031453,ChiCTR
tri00642,1,ictrp,ChiCTR2000031430,ChiCTR
tri00648,1,ictrp,EUCTR2020-001271-33,EudraCT
tri00649,1,ictrp,EUCTR2020-001281-11,EudraCT
tri00650,1,ictrp,EUCTR2020-001236-10,EudraCT
tri00650,2,ictrp,NL8491,NTR
tri00651,1,ictrp,EUCTR2020-001010-38,EudraCT
tri00655,1,ictrp,NCT04298060,ClinicalTrials.gov
tri00660,1,ictrp,NCT04324528,ClinicalTrials.gov
tri00660,2,ictrp,DRKS00021300,DRKS
tri00661,1,ictrp,NCT04325867,ClinicalTrials.gov
tri00662,1,ictrp,NCT04326036,ClinicalTrials.gov
tri00663,1,ictrp,NCT04326075,ClinicalTrials.gov
tri00672,1,ictrp,NCT04330144,ClinicalTrials.gov
tri00672,2,ictrp,KCT0004907,CRiS
tri00677,1,ictrp,NCT04331613,ClinicalTrials.gov
tri00680,1,ictrp,NCT04333251,ClinicalTrials.gov
tri00685,1,ictrp,NCT04335201,ClinicalTrials.gov
tri00685,2,ictrp,EUCTR2020-001513-20,EudraCT
tri00686,1,ictrp,ACTRN12620000443998,ANZCTR
tri00688,1,ictrp,ACTRN12620000448943,ANZCTR
tri00689,1,ictrp,ACTRN12620000447954,ANZCTR
tri00692,1,ictrp,ACTRN12620000454976,ANZCTR
tri00695,1,ictrp,ChiCTR2000031834,ChiCTR
tri00699,1,ictrp,ChiCTR2000031781,ChiCTR
tri00701,1,ictrp,ChiCTR2000031772,ChiCTR
tri00705,1,ictrp,ChiCTR2000031735,ChiCTR
tri00711,1,ictrp,ChiCTR2000031672,ChiCTR
tri00712,1,ictrp,ChiCTR2000030750,ChiCTR
tri00716,1,ictrp,EUCTR2020-001301-23,EudraCT
tri00718,1,ictrp,EUCTR2020-001381-11,EudraCT
tri00719,1,ictrp,EUCTR2020-001442-19,EudraCT
tri00720,1,ictrp,EUCTR2020-001385-11,EudraCT
tri00721,1,ictrp,EUCTR2020-001409-21,EudraCT
tri00722,1,ictrp,EUCTR2020-001333-13,EudraCT
tri00723,1,ictrp,EUCTR2020-001492-33,EudraCT
tri00724,1,ictrp,EUCTR2020-001194-69,EudraCT
tri00725,1,ictrp,EUCTR2020-001565-37,EudraCT
tri00726,1,ictrp,EUCTR2020-001421-31,EudraCT
tri00727,1,ictrp,EUCTR2020-001606-33,EudraCT
tri00728,1,ictrp,EUCTR2020-001307-16,EudraCT
tri00731,1,ictrp,NCT04252274,ClinicalTrials.gov
tri00740,1,ictrp,NCT04317092,ClinicalTrials.gov
tri00740,2,auto,EUCTR2020-001110-38,EudraCT
tri00744,1,ictrp,NCT04322773,ClinicalTrials.gov
tri00744,2,ictrp,EUCTR2020-001275-32,EudraCT
tri00745,1,ictrp,NCT04324021,ClinicalTrials.gov
tri00748,1,ictrp,NCT04328012,ClinicalTrials.gov
tri00750,1,ictrp,NCT04330300,ClinicalTrials.gov
tri00751,1,ictrp,NCT04330495,ClinicalTrials.gov
tri00755,1,ictrp,NCT04331665,ClinicalTrials.gov
tri00756,1,ictrp,NCT04331834,ClinicalTrials.gov
tri00757,1,ictrp,NCT04332094,ClinicalTrials.gov
tri00759,1,ictrp,NCT04333407,ClinicalTrials.gov
tri00763,1,ictrp,NCT04334382,ClinicalTrials.gov
tri00766,1,ictrp,NCT04336254,ClinicalTrials.gov
tri00770,1,ictrp,NCT04336904,ClinicalTrials.gov
tri00773,1,ictrp,NCT04337216,ClinicalTrials.gov
tri00776,1,ictrp,NCT04337541,ClinicalTrials.gov
tri00781,1,ictrp,NCT04338698,ClinicalTrials.gov
tri00783,1,ictrp,NCT04338906,ClinicalTrials.gov
tri00791,1,ictrp,NCT04341207,ClinicalTrials.gov
tri00791,2,ictrp,EUCTR2020-001250-21,EudraCT
tri00798,1,ictrp,NCT04342221,ClinicalTrials.gov
tri00798,2,ictrp,EUCTR2020-001224-33,EudraCT
tri00800,1,ictrp,NCT04343677,ClinicalTrials.gov
tri00801,1,ictrp,NCT04344080,ClinicalTrials.gov
tri00801,2,ictrp,DRKS00021199,DRKS
tri00803,1,ictrp,ACTRN12620000468921,ANZCTR
tri00805,1,ictrp,ACTRN12620000472976,ANZCTR
tri00808,1,ictrp,ACTRN12620000473965,ANZCTR
tri00810,1,ictrp,ACTRN12620000478910,ANZCTR
tri00811,1,ictrp,ACTRN12620000480987,ANZCTR
tri00812,1,ictrp,ChiCTR2000032098,ChiCTR
tri00820,1,ictrp,ChiCTR2000031955,ChiCTR
tri00822,1,ictrp,ChiCTR2000031944,ChiCTR
tri00825,1,ictrp,ChiCTR2000031888,ChiCTR
tri00828,1,ictrp,ChiCTR2000029976,ChiCTR
tri00829,1,ictrp,ChiCTR2000029434,ChiCTR
tri00830,1,ictrp,ChiCTR2000029433,ChiCTR
tri00831,1,ictrp,EUCTR2020-001156-18,EudraCT
tri00833,1,ictrp,EUCTR2020-001160-28,EudraCT
tri00834,1,ictrp,NCT04392531,ClinicalTrials.gov
tri00834,2,ictrp,EUCTR2020-001262-11,EudraCT
tri00835,1,ictrp,EUCTR2020-001290-74,EudraCT
tri00836,1,ictrp,EUCTR2020-001406-27,EudraCT
tri00837,1,ictrp,EUCTR2020-001321-31,EudraCT
tri00838,1,ictrp,EUCTR2020-001437-12,EudraCT
tri00839,1,ictrp,EUCTR2020-001530-35,EudraCT
tri00840,1,ictrp,EUCTR2020-001587-29,EudraCT
tri00841,1,ictrp,EUCTR2020-001689-12,EudraCT
tri00842,1,ictrp,EUCTR2020-001765-37,EudraCT
tri00843,1,ictrp,EUCTR2020-001379-34,EudraCT
tri00844,1,ictrp,EUCTR2020-001511-25,EudraCT
tri00845,1,ictrp,EUCTR2020-001266-11,EudraCT
tri00847,1,ictrp,IRCT20200310046736N1,IRCT
tri00848,1,ictrp,IRCT20151113025025N3,IRCT
tri00849,1,ictrp,IRCT20100228003449N30,IRCT
tri00850,1,ictrp,IRCT20100228003449N28,IRCT
tri00851,1,ictrp,IRCT20100228003449N27,IRCT
tri00852,1,ictrp,IRCT20200316046792N1,IRCT
tri00853,1,ictrp,IRCT20151227025726N12,IRCT
tri00854,1,ictrp,IRCT20170117032004N3,IRCT
tri00855,1,ictrp,IRCT20100228003449N29,IRCT
tri00856,1,ictrp,IRCT20200317046797N1,IRCT
tri00857,1,ictrp,IRCT20160625028622N1,IRCT
tri00858,1,ictrp,IRCT20120826010664N6,IRCT
tri00859,1,ictrp,IRCT20131113015393N6,IRCT
tri00860,1,ictrp,IRCT20140528017891N8,IRCT
tri00861,1,ictrp,IRCT20200321046828N1,IRCT
tri00863,1,ictrp,IRCT20140617018126N2,IRCT
tri00864,1,ictrp,IRCT20150914024017N1,IRCT
tri00865,1,ictrp,IRCT20140911019125N6,IRCT
tri00866,1,ictrp,IRCT20160316027081N1,IRCT
tri00867,1,ictrp,IRCT20151227025726N13,IRCT
tri00868,1,ictrp,IRCT20160310026998N11,IRCT
tri00869,1,ictrp,IRCT20160310026998N10,IRCT
tri00870,1,ictrp,IRCT20180610040049N3,IRCT
tri00871,1,ictrp,IRCT20200324046847N1,IRCT
tri00872,1,ictrp,IRCT20140907019073N4,IRCT
tri00873,1,ictrp,IRCT20200324046850N5,IRCT
tri00874,1,ictrp,IRCT20200325046860N1,IRCT
tri00875,1,ictrp,IRCT20101219005416N2,IRCT
tri00876,1,ictrp,IRCT20200317046797N2,IRCT
tri00878,1,ictrp,IRCT20170611034452N11,IRCT
tri00879,1,ictrp,IRCT20190917044805N2,IRCT
tri00880,1,ictrp,IRCT20120225009124N4,IRCT
tri00881,1,ictrp,IRCT20180802040678N4,IRCT
tri00882,1,ictrp,IRCT20150704023055N2,IRCT
tri00883,1,ictrp,IRCT20200319046819N1,IRCT
tri00885,1,ictrp,JPRN-jRCTs031190226,jRCT
tri00892,1,ictrp,NCT04252118,ClinicalTrials.gov
tri00897,1,ictrp,NCT04280224,ClinicalTrials.gov
tri00898,1,ictrp,NCT04299152,ClinicalTrials.gov
tri00899,1,ictrp,NCT04304690,ClinicalTrials.gov
tri00900,1,ictrp,NCT04315896,ClinicalTrials.gov
tri00901,1,ictrp,NCT04318015,ClinicalTrials.gov
tri00904,1,ictrp,NCT04321174,ClinicalTrials.gov
tri00906,1,ictrp,NCT04323345,ClinicalTrials.gov
tri00908,1,ictrp,NCT04324073,ClinicalTrials.gov
tri00912,1,ictrp,NCT04325061,ClinicalTrials.gov
tri00912,2,auto,EUCTR2020-001278-31,EudraCT
tri00913,1,ictrp,NCT04325633,ClinicalTrials.gov
tri00914,1,ictrp,NCT04326426,ClinicalTrials.gov
tri00917,1,ictrp,NCT04331054,ClinicalTrials.gov
tri00917,2,ictrp,EUCTR2020-001306-35,EudraCT
tri00919,1,ictrp,NCT04333420,ClinicalTrials.gov
tri00919,2,ictrp,EUCTR2020-001335-28,EudraCT
tri00920,1,ictrp,NCT04333628,ClinicalTrials.gov
tri00932,1,ictrp,NCT04342156,ClinicalTrials.gov
tri00933,1,ictrp,NCT04342169,ClinicalTrials.gov
tri00935,1,ictrp,NCT04342650,ClinicalTrials.gov
tri00936,1,ictrp,NCT04343001,ClinicalTrials.gov
tri00937,1,ictrp,NCT04343144,ClinicalTrials.gov
tri00942,1,ictrp,NCT04343755,ClinicalTrials.gov
tri00943,1,ictrp,NCT04343794,ClinicalTrials.gov
tri00944,1,ictrp,NCT04343963,ClinicalTrials.gov
tri00947,1,ictrp,NCT04344210,ClinicalTrials.gov
tri00949,1,ictrp,NCT04344444,ClinicalTrials.gov
tri00950,1,ictrp,NCT04344535,ClinicalTrials.gov
tri00952,1,ictrp,NCT04344730,ClinicalTrials.gov
tri00952,2,ictrp,EUCTR2020-001457-43,EudraCT
tri00953,1,ictrp,NCT04344756,ClinicalTrials.gov
tri00954,1,ictrp,NCT04344782,ClinicalTrials.gov
tri00959,1,ictrp,NCT04345406,ClinicalTrials.gov
tri00960,1,ictrp,NCT04345445,ClinicalTrials.gov
tri00962,1,ictrp,NCT04345523,ClinicalTrials.gov
tri00966,1,ictrp,NCT04345887,ClinicalTrials.gov
tri00967,1,ictrp,NCT04346017,ClinicalTrials.gov
tri00975,1,ictrp,NCT04346368,ClinicalTrials.gov
tri00984,1,ictrp,NCT04347889,ClinicalTrials.gov
tri00985,1,ictrp,NCT04347941,ClinicalTrials.gov
tri00988,1,ictrp,NCT04348383,ClinicalTrials.gov
tri00992,1,ictrp,NCT04348461,ClinicalTrials.gov
tri00994,1,ictrp,NCT04348864,ClinicalTrials.gov
tri00995,1,ictrp,NCT04348877,ClinicalTrials.gov
tri00996,1,ictrp,NCT04349371,ClinicalTrials.gov
tri00997,1,ictrp,NCT04349410,ClinicalTrials.gov
tri00998,1,ictrp,NCT04349618,ClinicalTrials.gov
tri01000,1,ictrp,NCT04350086,ClinicalTrials.gov
tri01002,1,ictrp,NCT04350281,ClinicalTrials.gov
tri01005,1,ictrp,NCT04350931,ClinicalTrials.gov
tri01006,1,ictrp,NCT04351295,ClinicalTrials.gov
tri01007,1,ictrp,NCT04351490,ClinicalTrials.gov
tri01014,1,ictrp,NCT04351763,ClinicalTrials.gov
tri01015,1,ictrp,NCT04351789,ClinicalTrials.gov
tri01017,1,ictrp,NCT04352400,ClinicalTrials.gov
tri01020,1,ictrp,NCT04352803,ClinicalTrials.gov
tri01023,1,ictrp,NCT04354155,ClinicalTrials.gov
tri01030,1,ictrp,NCT04355247,ClinicalTrials.gov
tri01032,1,ictrp,NCT04355676,ClinicalTrials.gov
tri01042,1,ictrp,ACTRN12620000457943,ANZCTR
tri01043,1,ictrp,ACTRN12620000492954,ANZCTR
tri01049,1,ictrp,ChiCTR2000032399,ChiCTR
tri01051,1,ictrp,ChiCTR2000032367,ChiCTR
tri01052,1,ictrp,ChiCTR2000032346,ChiCTR
tri01053,1,ictrp,ChiCTR2000032314,ChiCTR
tri01054,1,ictrp,ChiCTR2000032313,ChiCTR
tri01055,1,ictrp,ChiCTR2000032242,ChiCTR
tri01059,1,ictrp,ChiCTR2000032214,ChiCTR
tri01061,1,ictrp,ChiCTR2000032205,ChiCTR
tri01062,1,ictrp,ChiCTR2000032165,ChiCTR
tri01068,1,ictrp,ISRCTN16912075,ISRCTN
tri01071,1,ictrp,EUCTR2020-001391-15,EudraCT
tri01072,1,ictrp,EUCTR2020-001329-30,EudraCT
tri01073,1,ictrp,EUCTR2020-001527-14,EudraCT
tri01075,1,ictrp,EUCTR2020-001255-40,EudraCT
tri01076,1,ictrp,EUCTR2020-001659-42,EudraCT
tri01077,1,ictrp,EUCTR2020-001622-64,EudraCT
tri01078,1,ictrp,EUCTR2020-001440-26,EudraCT
tri01079,1,ictrp,EUCTR2020-001327-13,EudraCT
tri01080,1,ictrp,EUCTR2020-001459-42,EudraCT
tri01081,1,ictrp,EUCTR2020-001417-21,EudraCT
tri01082,1,ictrp,EUCTR2020-001500-41,EudraCT
tri01085,1,ictrp,NCT04318444,ClinicalTrials.gov
tri01087,1,ictrp,NCT04319445,ClinicalTrials.gov
tri01089,1,ictrp,NCT04320056,ClinicalTrials.gov
tri01092,1,ictrp,NCT04326920,ClinicalTrials.gov
tri01092,2,ictrp,EUCTR2020-001254-22,EudraCT
tri01096,1,ictrp,NCT04330638,ClinicalTrials.gov
tri01097,1,ictrp,NCT04331808,ClinicalTrials.gov
tri01098,1,ictrp,NCT04332380,ClinicalTrials.gov
tri01099,1,ictrp,NCT04332835,ClinicalTrials.gov
tri01103,1,ictrp,NCT04334980,ClinicalTrials.gov
tri01104,1,ictrp,NCT04335032,ClinicalTrials.gov
tri01105,1,ictrp,NCT04335123,ClinicalTrials.gov
tri01107,1,ictrp,NCT04338009,ClinicalTrials.gov
tri01108,1,ictrp,NCT04339712,ClinicalTrials.gov
tri01108,2,ictrp,EUCTR2020-001039-29,EudraCT
tri01109,1,ictrp,NCT04341493,ClinicalTrials.gov
tri01110,1,ictrp,NCT04344184,ClinicalTrials.gov
tri01112,1,ictrp,NCT04344431,ClinicalTrials.gov
tri01113,1,ictrp,NCT04345601,ClinicalTrials.gov
tri01116,1,ictrp,NCT04346797,ClinicalTrials.gov
tri01120,1,ictrp,NCT04348929,ClinicalTrials.gov
tri01123,1,ictrp,NCT04351724,ClinicalTrials.gov
tri01123,2,ictrp,EUCTR2020-001302-30,EudraCT
tri01125,1,ictrp,NCT04352608,ClinicalTrials.gov
tri01128,1,ictrp,NCT04353037,ClinicalTrials.gov
tri01129,1,ictrp,NCT04353518,ClinicalTrials.gov
tri01131,1,ictrp,NCT04354870,ClinicalTrials.gov
tri01132,1,ictrp,NCT04355052,ClinicalTrials.gov
tri01133,1,ictrp,NCT04355234,ClinicalTrials.gov
tri01135,1,ictrp,NCT04355429,ClinicalTrials.gov
tri01142,1,ictrp,NCT04355962,ClinicalTrials.gov
tri01146,1,ictrp,NCT04356677,ClinicalTrials.gov
tri01147,1,ictrp,NCT04357106,ClinicalTrials.gov
tri01149,1,ictrp,NCT04357366,ClinicalTrials.gov
tri01149,2,ictrp,EUCTR2020-001466-11,EudraCT
tri01153,1,ictrp,NCT04357613,ClinicalTrials.gov
tri01157,1,ictrp,NCT04357860,ClinicalTrials.gov
tri01157,2,ictrp,EUCTR2020-001531-27,EudraCT
tri01161,1,ictrp,NCT04358406,ClinicalTrials.gov
tri01167,1,ictrp,NCT04358809,ClinicalTrials.gov
tri01168,1,ictrp,NCT04359095,ClinicalTrials.gov
tri01170,1,ictrp,NCT04359290,ClinicalTrials.gov
tri01172,1,ictrp,NCT04359329,ClinicalTrials.gov
tri01179,1,ictrp,NCT04359953,ClinicalTrials.gov
tri01179,2,ictrp,EUCTR2020-001303-16,EudraCT
tri01181,1,ictrp,NCT04360096,ClinicalTrials.gov
tri01182,1,ictrp,NCT04360356,ClinicalTrials.gov
tri01185,1,ictrp,NCT04360551,ClinicalTrials.gov
tri01187,1,ictrp,NCT04360759,ClinicalTrials.gov
tri01188,1,ictrp,NCT04360811,ClinicalTrials.gov
tri01191,1,ictrp,NCT04360876,ClinicalTrials.gov
tri01195,1,ictrp,NCT04361318,ClinicalTrials.gov
tri01197,1,ictrp,NCT04361435,ClinicalTrials.gov
tri01201,1,ictrp,NCT04361526,ClinicalTrials.gov
tri01206,1,ictrp,NCT04361916,ClinicalTrials.gov
tri01208,1,ictrp,NCT04362111,ClinicalTrials.gov
tri01209,1,ictrp,NCT04362124,ClinicalTrials.gov
tri01210,1,ictrp,NCT04362358,ClinicalTrials.gov
tri01215,1,ictrp,NCT04363372,ClinicalTrials.gov
tri01217,1,ictrp,NCT04363528,ClinicalTrials.gov
tri01218,1,ictrp,NCT04363541,ClinicalTrials.gov
tri01220,1,ictrp,NCT04363749,ClinicalTrials.gov
tri01222,1,ictrp,NCT04363840,ClinicalTrials.gov
tri01223,1,ictrp,NCT04363866,ClinicalTrials.gov
tri01224,1,ictrp,NCT04364022,ClinicalTrials.gov
tri01227,1,ictrp,NCT04365127,ClinicalTrials.gov
tri01230,1,ictrp,NCT04365699,ClinicalTrials.gov
tri01234,1,ictrp,NCT04366050,ClinicalTrials.gov
tri01238,1,ictrp,ACTRN12620000516987,ANZCTR
tri01239,1,ictrp,ACTRN12620000517976,ANZCTR
tri01242,1,ictrp,ISRCTN17898730,ISRCTN
tri01243,1,ictrp,NCT04330690,ClinicalTrials.gov
tri01243,2,ictrp,NCT04321616,ClinicalTrials.gov
tri01243,3,ictrp,EUCTR2020-001366-11,EudraCT
tri01243,4,ictrp,EUCTR2020-000982-18,EudraCT
tri01243,5,ictrp,EUCTR2020-002060-31,EudraCT
tri01243,6,ictrp,EUCTR2020-001549-38,EudraCT
tri01243,7,ictrp,ISRCTN83971151,ISRCTN
tri01243,8,ictrp,CTRI/2020/04/024773,CTRI
tri01243,9,ictrp,IRCT20200405046953N1,IRCT
tri01243,10,ictrp,LBCTR2020043495,LBCTR
tri01243,11,ictrp,PER-010-20,REPEC
tri01246,1,ictrp,ChiCTR2000032573,ChiCTR
tri01249,1,ictrp,ChiCTR2000032487,ChiCTR
tri01255,1,ictrp,ChiCTR2000032459,ChiCTR
tri01259,1,ictrp,ChiCTR2000032455,ChiCTR
tri01260,1,ictrp,ChiCTR2000032135,ChiCTR
tri01263,1,ictrp,ChiCTR2000031174,ChiCTR
tri01264,1,ictrp,EUCTR2020-001723-13,EudraCT
tri01265,1,ictrp,EUCTR2020-001198-55,EudraCT
tri01266,1,ictrp,EUCTR2020-001686-36,EudraCT
tri01267,1,ictrp,EUCTR2020-001823-15,EudraCT
tri01268,1,ictrp,EUCTR2020-001722-66,EudraCT
tri01269,1,ictrp,EUCTR2020-001505-22,EudraCT
tri01270,1,ictrp,EUCTR2020-001717-20,EudraCT
tri01271,1,ictrp,EUCTR2020-001541-39,EudraCT
tri01272,1,ictrp,EUCTR2020-001618-39,EudraCT
tri01273,1,ictrp,EUCTR2020-001408-41,EudraCT
tri01273,2,ictrp,DRKS00021238,DRKS
tri01277,1,ictrp,NCT04321096,ClinicalTrials.gov
tri01277,2,ictrp,EUCTR2020-001200-42,EudraCT
tri01278,1,ictrp,NCT04328441,ClinicalTrials.gov
tri01280,1,ictrp,NCT04329923,ClinicalTrials.gov
tri01282,1,ictrp,NCT04335071,ClinicalTrials.gov
tri01283,1,ictrp,NCT04338958,ClinicalTrials.gov
tri01283,2,auto,EUCTR2020-001481-11,EudraCT
tri01286,1,ictrp,NCT04345848,ClinicalTrials.gov
tri01287,1,ictrp,NCT04347226,ClinicalTrials.gov
tri01288,1,ictrp,NCT04348435,ClinicalTrials.gov
tri01289,1,ictrp,NCT04349631,ClinicalTrials.gov
tri01292,1,ictrp,NCT04353271,ClinicalTrials.gov
tri01294,1,ictrp,NCT04356833,ClinicalTrials.gov
tri01294,2,ictrp,EUCTR2020-001640-26,EudraCT
tri01296,1,ictrp,NCT04358939,ClinicalTrials.gov
tri01297,1,ictrp,NCT04359225,ClinicalTrials.gov
tri01298,1,ictrp,NCT04359654,ClinicalTrials.gov
tri01300,1,ictrp,NCT04359797,ClinicalTrials.gov
tri01301,1,ictrp,NCT04359810,ClinicalTrials.gov
tri01303,1,ictrp,NCT04361643,ClinicalTrials.gov
tri01305,1,ictrp,NCT04361942,ClinicalTrials.gov
tri01305,2,auto,EUCTR2020-001682-36,EudraCT
tri01306,1,ictrp,NCT04362176,ClinicalTrials.gov
tri01311,1,ictrp,NCT04363060,ClinicalTrials.gov
tri01312,1,ictrp,NCT04363450,ClinicalTrials.gov
tri01313,1,ictrp,NCT04364828,ClinicalTrials.gov
tri01321,1,ictrp,NCT04366089,ClinicalTrials.gov
tri01327,1,ictrp,NCT04366739,ClinicalTrials.gov
tri01331,1,ictrp,NCT04366882,ClinicalTrials.gov
tri01332,1,ictrp,NCT04366908,ClinicalTrials.gov
tri01341,1,ictrp,NCT04367636,ClinicalTrials.gov
tri01347,1,ictrp,NCT04368013,ClinicalTrials.gov
tri01350,1,ictrp,NCT04368156,ClinicalTrials.gov
tri01353,1,ictrp,NCT04368260,ClinicalTrials.gov
tri01354,1,ictrp,NCT04368299,ClinicalTrials.gov
tri01360,1,ictrp,NCT04368676,ClinicalTrials.gov
tri01363,1,ictrp,NCT04369274,ClinicalTrials.gov
tri01365,1,ictrp,NCT04369365,ClinicalTrials.gov
tri01366,1,ictrp,NCT04369378,ClinicalTrials.gov
tri01367,1,ictrp,NCT04369469,ClinicalTrials.gov
tri01369,1,ictrp,NCT04369794,ClinicalTrials.gov
tri01375,1,ictrp,NCT04370938,ClinicalTrials.gov
tri01378,1,ictrp,NCT04371523,ClinicalTrials.gov
tri01384,1,ictrp,ACTRN12620000524998,ANZCTR
tri01386,1,ictrp,ChiCTR2000032769,ChiCTR
tri01390,1,ictrp,ChiCTR2000032737,ChiCTR
tri01391,1,ictrp,ChiCTR2000032717,ChiCTR
tri01395,1,ictrp,ChiCTR2000032635,ChiCTR
tri01397,1,ictrp,EUCTR2020-001700-42,EudraCT
tri01398,1,ictrp,EUCTR2020-001635-27,EudraCT
tri01399,1,ictrp,EUCTR2020-001766-11,EudraCT
tri01401,1,ictrp,EUCTR2020-001709-21,EudraCT
tri01402,1,ictrp,EUCTR2020-001768-27,EudraCT
tri01403,1,ictrp,EUCTR2020-001598-66,EudraCT
tri01404,1,ictrp,EUCTR2020-001786-36,EudraCT
tri01405,1,ictrp,EUCTR2020-001632-10,EudraCT
tri01406,1,ictrp,EUCTR2020-001783-28,EudraCT
tri01407,1,ictrp,EUCTR2020-000705-86,EudraCT
tri01408,1,ictrp,EUCTR2020-001891-14,EudraCT
tri01409,1,ictrp,EUCTR2020-001825-29,EudraCT
tri01410,1,ictrp,EUCTR2020-002032-69,EudraCT
tri01411,1,ictrp,EUCTR2020-001697-30,EudraCT
tri01412,1,ictrp,EUCTR2020-001603-16,EudraCT
tri01413,1,ictrp,EUCTR2020-001375-32,EudraCT
tri01413,2,ictrp,NL8504,NTR
tri01414,1,ictrp,EUCTR2020-001994-66,EudraCT
tri01415,1,ictrp,EUCTR2020-001934-37,EudraCT
tri01416,1,ictrp,EUCTR2020-002123-11,EudraCT
tri01417,1,ictrp,EUCTR2020-001474-29,EudraCT
tri01418,1,ictrp,EUCTR2020-001953-36,EudraCT
tri01420,1,ictrp,NCT04333550,ClinicalTrials.gov
tri01425,1,ictrp,NCT04345614,ClinicalTrials.gov
tri01427,1,ictrp,NCT04350320,ClinicalTrials.gov
tri01428,1,ictrp,NCT04354597,ClinicalTrials.gov
tri01434,1,ictrp,NCT04360122,ClinicalTrials.gov
tri01435,1,ictrp,NCT04361032,ClinicalTrials.gov
tri01436,1,ictrp,NCT04364815,ClinicalTrials.gov
tri01438,1,ictrp,NCT04369456,ClinicalTrials.gov
tri01439,1,ictrp,NCT04369820,ClinicalTrials.gov
tri01442,1,ictrp,NCT04370288,ClinicalTrials.gov
tri01445,1,ictrp,NCT04371406,ClinicalTrials.gov
tri01446,1,ictrp,NCT04371510,ClinicalTrials.gov
tri01448,1,ictrp,NCT04371601,ClinicalTrials.gov
tri01452,1,ictrp,NCT04371965,ClinicalTrials.gov
tri01453,1,ictrp,NCT04371978,ClinicalTrials.gov
tri01455,1,ictrp,NCT04372082,ClinicalTrials.gov
tri01458,1,ictrp,NCT04372602,ClinicalTrials.gov
tri01459,1,ictrp,NCT04372680,ClinicalTrials.gov
tri01461,1,ictrp,NCT04373005,ClinicalTrials.gov
tri01465,1,ictrp,NCT04373291,ClinicalTrials.gov
tri01465,2,ictrp,EUCTR2020-001888-90,EudraCT
tri01466,1,ictrp,NCT04373382,ClinicalTrials.gov
tri01468,1,ictrp,NCT04373824,ClinicalTrials.gov
tri01472,1,ictrp,NCT04374149,ClinicalTrials.gov
tri01474,1,ictrp,NCT04374474,ClinicalTrials.gov
tri01475,1,ictrp,NCT04374487,ClinicalTrials.gov
tri01476,1,ictrp,NCT04374539,ClinicalTrials.gov
tri01477,1,ictrp,NCT04374552,ClinicalTrials.gov
tri01479,1,ictrp,NCT04374903,ClinicalTrials.gov
tri01482,1,ictrp,NCT04251871,ClinicalTrials.gov
tri01483,1,ictrp,NCT04280705,ClinicalTrials.gov
tri01483,2,auto,EUCTR2020-001052-18,EudraCT
tri01483,3,auto,JPRN-jRCT2031190264,jRCT
tri01485,1,ictrp,NCT04326790,ClinicalTrials.gov
tri01485,2,auto,EUCTR2020-001455-40,EudraCT
tri01486,1,ictrp,NCT04333225,ClinicalTrials.gov
tri01487,1,ictrp,NCT04333355,ClinicalTrials.gov
tri01488,1,ictrp,NCT04333732,ClinicalTrials.gov
tri01488,2,ictrp,ISRCTN99916292,ISRCTN
tri01489,1,ictrp,NCT04336332,ClinicalTrials.gov
tri01490,1,ictrp,NCT04336774,ClinicalTrials.gov
tri01491,1,ictrp,NCT04340232,ClinicalTrials.gov
tri01496,1,ictrp,NCT04343989,ClinicalTrials.gov
tri01497,1,ictrp,NCT04344041,ClinicalTrials.gov
tri01497,2,ictrp,EUCTR2020-001602-34,EudraCT
tri01498,1,ictrp,NCT04346082,ClinicalTrials.gov
tri01499,1,ictrp,NCT04348071,ClinicalTrials.gov
tri01500,1,ictrp,NCT04349098,ClinicalTrials.gov
tri01500,2,ictrp,EUCTR2020-001411-25,EudraCT
tri01501,1,ictrp,NCT04351906,ClinicalTrials.gov
tri01504,1,ictrp,NCT04354610,ClinicalTrials.gov
tri01505,1,ictrp,NCT04355637,ClinicalTrials.gov
tri01505,2,ictrp,EUCTR2020-001616-18,EudraCT
tri01508,1,ictrp,NCT04357990,ClinicalTrials.gov
tri01513,1,ictrp,NCT04363216,ClinicalTrials.gov
tri01515,1,ictrp,NCT04363593,ClinicalTrials.gov
tri01523,1,ictrp,NCT04371640,ClinicalTrials.gov
tri01524,1,ictrp,NCT04372004,ClinicalTrials.gov
tri01527,1,ictrp,NCT04374019,ClinicalTrials.gov
tri01528,1,ictrp,NCT04374032,ClinicalTrials.gov
tri01532,1,ictrp,NCT04374279,ClinicalTrials.gov
tri01536,1,ictrp,NCT04374942,ClinicalTrials.gov
tri01536,2,ictrp,ISRCTN14326006,ISRCTN
tri01543,1,ictrp,NCT04376593,ClinicalTrials.gov
tri01552,1,ictrp,NCT04377308,ClinicalTrials.gov
tri01556,1,ictrp,NCT04377477,ClinicalTrials.gov
tri01557,1,ictrp,NCT04377503,ClinicalTrials.gov
tri01562,1,ictrp,NCT04377802,ClinicalTrials.gov
tri01564,1,ictrp,NCT04377997,ClinicalTrials.gov
tri01565,1,ictrp,NCT04378244,ClinicalTrials.gov
tri01566,1,ictrp,NCT04378257,ClinicalTrials.gov
tri01571,1,ictrp,NCT04379037,ClinicalTrials.gov
tri01577,1,ictrp,NCT04379336,ClinicalTrials.gov
tri01580,1,ictrp,NCT04379479,ClinicalTrials.gov
tri01581,1,ictrp,NCT04379518,ClinicalTrials.gov
tri01582,1,ictrp,NCT04379661,ClinicalTrials.gov
tri01583,1,ictrp,NCT04380519,ClinicalTrials.gov
tri01585,1,ictrp,NCT04380948,ClinicalTrials.gov
tri01590,1,ictrp,ChiCTR2000033003,ChiCTR
tri01591,1,ictrp,ChiCTR2000032919,ChiCTR
tri01592,1,ictrp,ChiCTR2000032915,ChiCTR
tri01596,1,ictrp,ChiCTR2000030262,ChiCTR
tri01597,1,ictrp,ChiCTR2000029638,ChiCTR
tri01598,1,ictrp,ChiCTR2000029605,ChiCTR
tri01601,1,ictrp,ACTRN12620000557932,ANZCTR
tri01602,1,ictrp,ACTRN12620000566932,ANZCTR
tri01603,1,ictrp,IRCT20200314046764N1,IRCT
tri01604,1,ictrp,IRCT20150303021315N17,IRCT
tri01605,1,ictrp,IRCT20200312046749N1,IRCT
tri01606,1,ictrp,IRCT20190727044343N2,IRCT
tri01607,1,ictrp,IRCT20171122037571N2,IRCT
tri01608,1,ictrp,IRCT20200324046850N2,IRCT
tri01609,1,ictrp,IRCT20200323046841N1,IRCT
tri01610,1,ictrp,IRCT20200322046833N1,IRCT
tri01612,1,ictrp,IRCT20190804044429N1,IRCT
tri01613,1,ictrp,IRCT20160313027033N2,IRCT
tri01614,1,ictrp,IRCT20200204046369N1,IRCT
tri01615,1,ictrp,IRCT20180712040449N2,IRCT
tri01616,1,ictrp,IRCT20130812014333N145,IRCT
tri01617,1,ictrp,IRCT20200325046859N1,IRCT
tri01618,1,ictrp,IRCT20161204031229N3,IRCT
tri01619,1,ictrp,IRCT20151228025732N51,IRCT
tri01620,1,ictrp,IRCT20130917014693N10,IRCT
tri01621,1,ictrp,IRCT20180610040049N4,IRCT
tri01622,1,ictrp,IRCT20130812014333N147,IRCT
tri01623,1,ictrp,IRCT20081019001369N2,IRCT
tri01624,1,ictrp,IRCT20200402046923N1,IRCT
tri01626,1,ictrp,IRCT20131215015805N2,IRCT
tri01627,1,ictrp,IRCT20200404046933N1,IRCT
tri01628,1,ictrp,IRCT20200404046937N1,IRCT
tri01629,1,ictrp,IRCT20080901001157N16,IRCT
tri01630,1,ictrp,IRCT20200404046934N1,IRCT
tri01631,1,ictrp,IRCT20200403046926N1,IRCT
tri01632,1,ictrp,IRCT20151228025732N53,IRCT
tri01633,1,ictrp,IRCT20130306012728N8,IRCT
tri01634,1,ictrp,IRCT20180429039463N2,IRCT
tri01635,1,ictrp,IRCT20200404046935N1,IRCT
tri01636,1,ictrp,IRCT20151227025726N14,IRCT
tri01637,1,ictrp,IRCT20200405046958N1,IRCT
tri01638,1,ictrp,IRCT20200406046965N1,IRCT
tri01639,1,ictrp,IRCT20200405046960N1,IRCT
tri01640,1,ictrp,IRCT20200318046812N2,IRCT
tri01641,1,ictrp,IRCT20200317046797N4,IRCT
tri01642,1,ictrp,IRCT20200404046948N1,IRCT
tri01643,1,ictrp,IRCT20180520039738N2,IRCT
tri01644,1,ictrp,IRCT20081019001369N4,IRCT
tri01645,1,ictrp,IRCT20081019001369N3,IRCT
tri01646,1,ictrp,IRCT20200408046992N1,IRCT
tri01647,1,ictrp,IRCT20200408046987N1,IRCT
tri01649,1,ictrp,IRCT20200317046797N3,IRCT
tri01650,1,ictrp,IRCT20200317046797N5,IRCT
tri01651,1,ictrp,IRCT20200404046937N2,IRCT
tri01652,1,ictrp,IRCT20180923041093N5,IRCT
tri01653,1,ictrp,IRCT20160131026298N3,IRCT
tri01654,1,ictrp,IRCT20200406046968N1,IRCT
tri01655,1,ictrp,IRCT20150808023559N20,IRCT
tri01656,1,ictrp,IRCT20130616013690N7,IRCT
tri01657,1,ictrp,IRCT20200410047009N1,IRCT
tri01658,1,ictrp,IRCT20200409047007N1,IRCT
tri01659,1,ictrp,IRCT20200408046990N1,IRCT
tri01660,1,ictrp,IRCT20200411047025N1,IRCT
tri01661,1,ictrp,IRCT20080901001165N46,IRCT
tri01662,1,ictrp,IRCT20200406046963N1,IRCT
tri01663,1,ictrp,IRCT20190122042450N4,IRCT
tri01664,1,ictrp,IRCT20200411047030N1,IRCT
tri01665,1,ictrp,IRCT20200406046968N2,IRCT
tri01666,1,ictrp,IRCT20200413047053N1,IRCT
tri01667,1,ictrp,IRCT20081019001369N5,IRCT
tri01668,1,ictrp,IRCT20200408046988N1,IRCT
tri01669,1,ictrp,IRCT20200413047062N1,IRCT
tri01670,1,ictrp,IRCT20191125045492N2,IRCT
tri01671,1,ictrp,IRCT20200406046968N3,IRCT
tri01672,1,ictrp,IRCT20200413047063N1,IRCT
tri01673,1,ictrp,IRCT20200413047052N1,IRCT
tri01674,1,ictrp,IRCT20200414047072N1,IRCT
tri01675,1,ictrp,IRCT20200414047070N1,IRCT
tri01676,1,ictrp,IRCT20170210032478N3,IRCT
tri01677,1,ictrp,IRCT20200415047082N1,IRCT
tri01678,1,ictrp,IRCT20200413047056N1,IRCT
tri01679,1,ictrp,IRCT20200418047116N1,IRCT
tri01680,1,ictrp,IRCT20200415047089N1,IRCT
tri01681,1,ictrp,IRCT20200415047092N1,IRCT
tri01682,1,ictrp,IRCT20200416047104N1,IRCT
tri01683,1,ictrp,IRCT20200417047113N1,IRCT
tri01684,1,ictrp,IRCT20200416047099N1,IRCT
tri01685,1,ictrp,IRCT20200418047122N1,IRCT
tri01686,1,ictrp,IRCT20200418047121N2,IRCT
tri01687,1,ictrp,IRCT20140407017169N2,IRCT
tri01688,1,ictrp,IRCT20200329046892N1,IRCT
tri01689,1,ictrp,IRCT20080901001165N48,IRCT
tri01690,1,ictrp,IRCT20151222025660N2,IRCT
tri01691,1,ictrp,IRCT20200420047147N1,IRCT
tri01692,1,ictrp,IRCT20200421047155N1,IRCT
tri01693,1,ictrp,IRCT20080901001165N49,IRCT
tri01694,1,ictrp,IRCT20200422047168N1,IRCT
tri01695,1,ictrp,IRCT20200408046990N2,IRCT
tri01696,1,ictrp,IRCT20180114038350N3,IRCT
tri01697,1,ictrp,IRCT20200426047206N1,IRCT
tri01698,1,ictrp,IRCT20120215009014N353,IRCT
tri01699,1,ictrp,IRCT20140305016852N4,IRCT
tri01700,1,ictrp,IRCT20180425039414N2,IRCT
tri01701,1,ictrp,IRCT20200427047215N1,IRCT
tri01702,1,ictrp,IRCT20121216011763N46,IRCT
tri01703,1,ictrp,IRCT20200426047212N1,IRCT
tri01704,1,ictrp,IRCT20080901001165N50,IRCT
tri01705,1,ictrp,IRCT20080901001165N51,IRCT
tri01706,1,ictrp,IRCT20200418047121N1,IRCT
tri01707,1,ictrp,IRCT20150808023559N21,IRCT
tri01708,1,ictrp,IRCT20200501047258N1,IRCT
tri01709,1,ictrp,IRCT20131129015584N2,IRCT
tri01710,1,ictrp,IRCT20080901001165N52,IRCT
tri01711,1,ictrp,IRCT20160706028815N5,IRCT
tri01712,1,ictrp,IRCT20171213037866N2,IRCT
tri01713,1,ictrp,IRCT20200326046868N1,IRCT
tri01714,1,ictrp,IRCT20200508047346N1,IRCT
tri01715,1,ictrp,IRCT20120215009014N354,IRCT
tri01717,1,ictrp,KCT0005003,CRiS
tri01722,1,ictrp,JPRN-UMIN000040235,UMIN-CTR
tri01729,1,ictrp,JPRN-UMIN000040401,UMIN-CTR
tri01730,1,ictrp,CTRI/2020/03/024402,CTRI
tri01734,1,ictrp,CTRI/2020/04/024479,CTRI
tri01736,1,ictrp,CTRI/2020/04/024659,CTRI
tri01738,1,ictrp,CTRI/2020/04/024731,CTRI
tri01739,1,ictrp,CTRI/2020/04/024729,CTRI
tri01741,1,ictrp,CTRI/2020/04/024747,CTRI
tri01742,1,ictrp,CTRI/2020/04/024775,CTRI
tri01743,1,ictrp,CTRI/2020/04/024749,CTRI
tri01744,1,ictrp,CTRI/2020/04/024806,CTRI
tri01745,1,ictrp,CTRI/2020/04/024804,CTRI
tri01746,1,ictrp,CTRI/2020/04/024776,CTRI
tri01749,1,ictrp,CTRI/2020/04/024833,CTRI
tri01751,1,ictrp,CTRI/2020/04/024857,CTRI
tri01753,1,ictrp,CTRI/2020/04/024858,CTRI
tri01754,1,ictrp,CTRI/2020/04/024882,CTRI
tri01755,1,ictrp,CTRI/2020/04/024904,CTRI
tri01756,1,ictrp,CTRI/2020/04/024883,CTRI
tri01758,1,ictrp,CTRI/2020/04/024915,CTRI
tri01759,1,ictrp,CTRI/2020/04/024948,CTRI
tri01760,1,ictrp,CTRI/2020/04/024949,CTRI
tri01761,1,ictrp,CTRI/2020/04/024947,CTRI
tri01762,1,ictrp,CTRI/2020/05/024967,CTRI
tri01763,1,ictrp,CTRI/2020/05/024959,CTRI
tri01764,1,ictrp,CTRI/2020/05/024969,CTRI
tri01765,1,ictrp,CTRI/2020/05/024962,CTRI
tri01766,1,ictrp,CTRI/2020/05/024981,CTRI
tri01768,1,ictrp,CTRI/2020/05/024983,CTRI
tri01772,1,ictrp,CTRI/2020/05/024986,CTRI
tri01773,1,ictrp,CTRI/2020/05/025013,CTRI
tri01774,1,ictrp,CTRI/2020/05/025022,CTRI
tri01775,1,ictrp,CTRI/2020/05/025067,CTRI
tri01777,1,ictrp,CTRI/2020/05/025049,CTRI
tri01778,1,ictrp,CTRI/2020/05/025069,CTRI
tri01780,1,ictrp,CTRI/2020/05/025068,CTRI
tri01781,1,ictrp,CTRI/2020/05/025071,CTRI
tri01782,1,ictrp,CTRI/2020/05/025088,CTRI
tri01784,1,ictrp,CTRI/2020/05/025093,CTRI
tri01787,1,ictrp,CTRI/2020/05/025114,CTRI
tri01788,1,ictrp,CTRI/2020/05/025156,CTRI
tri01789,1,ictrp,CTRI/2020/05/025162,CTRI
tri01790,1,ictrp,CTRI/2020/05/025161,CTRI
tri01791,1,ictrp,CTRI/2020/05/025166,CTRI
tri01792,1,ictrp,CTRI/2020/05/025178,CTRI
tri01793,1,ictrp,CTRI/2020/05/025167,CTRI
tri01794,1,ictrp,CTRI/2020/05/025171,CTRI
tri01796,1,ictrp,NCT04278963,ClinicalTrials.gov
tri01797,1,ictrp,NCT04310865,ClinicalTrials.gov
tri01798,1,ictrp,NCT04322396,ClinicalTrials.gov
tri01799,1,ictrp,NCT04334512,ClinicalTrials.gov
tri01800,1,ictrp,NCT04335084,ClinicalTrials.gov
tri01802,1,ictrp,NCT04340544,ClinicalTrials.gov
tri01802,2,ictrp,EUCTR2020-001512-26,EudraCT
tri01803,1,ictrp,NCT04344015,ClinicalTrials.gov
tri01804,1,ictrp,NCT04346147,ClinicalTrials.gov
tri01805,1,ictrp,NCT04346199,ClinicalTrials.gov
tri01805,2,ictrp,EUCTR2020-001644-25,EudraCT
tri01805,3,ictrp,PER-018-20,REPEC
tri01806,1,ictrp,NCT04347915,ClinicalTrials.gov
tri01810,1,ictrp,NCT04356690,ClinicalTrials.gov
tri01812,1,ictrp,NCT04366271,ClinicalTrials.gov
tri01812,2,ictrp,EUCTR2020-001450-22,EudraCT
tri01815,1,ictrp,NCT04373135,ClinicalTrials.gov
tri01816,1,ictrp,NCT04375046,ClinicalTrials.gov
tri01818,1,ictrp,NCT04376476,ClinicalTrials.gov
tri01822,1,ictrp,NCT04379271,ClinicalTrials.gov
tri01822,2,ictrp,EUCTR2020-001264-28,EudraCT
tri01824,1,ictrp,NCT04379492,ClinicalTrials.gov
tri01826,1,ictrp,NCT04380376,ClinicalTrials.gov
tri01827,1,ictrp,NCT04380688,ClinicalTrials.gov
tri01833,1,ictrp,NCT04380909,ClinicalTrials.gov
tri01834,1,ictrp,NCT04380935,ClinicalTrials.gov
tri01837,1,ictrp,NCT04381052,ClinicalTrials.gov
tri01841,1,ictrp,NCT04381338,ClinicalTrials.gov
tri01842,1,ictrp,NCT04381364,ClinicalTrials.gov
tri01842,2,ictrp,EUCTR2020-001928-34,EudraCT
tri01843,1,ictrp,NCT04381377,ClinicalTrials.gov
tri01845,1,ictrp,NCT04381858,ClinicalTrials.gov
tri01846,1,ictrp,NCT04381871,ClinicalTrials.gov
tri01848,1,ictrp,NCT04382131,ClinicalTrials.gov
tri01854,1,ictrp,NCT04382625,ClinicalTrials.gov
tri01855,1,ictrp,NCT04382729,ClinicalTrials.gov
tri01856,1,ictrp,NCT04382755,ClinicalTrials.gov
tri01858,1,ictrp,NCT04382846,ClinicalTrials.gov
tri01859,1,ictrp,NCT04382924,ClinicalTrials.gov
tri01860,1,ictrp,NCT04383002,ClinicalTrials.gov
tri01861,1,ictrp,NCT04383574,ClinicalTrials.gov
tri01871,1,ictrp,NCT04384549,ClinicalTrials.gov
tri01871,2,ictrp,EUCTR2020-001678-31,EudraCT
tri01872,1,ictrp,NCT04384588,ClinicalTrials.gov
tri01874,1,ictrp,NCT04385576,ClinicalTrials.gov
tri01880,1,ictrp,NCT04328961,ClinicalTrials.gov
tri01882,1,ictrp,NCT04334148,ClinicalTrials.gov
tri01883,1,ictrp,NCT04335097,ClinicalTrials.gov
tri01886,1,ictrp,NCT04340050,ClinicalTrials.gov
tri01887,1,ictrp,NCT04340349,ClinicalTrials.gov
tri01888,1,ictrp,NCT04341415,ClinicalTrials.gov
tri01889,1,ictrp,NCT04342728,ClinicalTrials.gov
tri01893,1,ictrp,NCT04347538,ClinicalTrials.gov
tri01894,1,ictrp,NCT04350476,ClinicalTrials.gov
tri01895,1,ictrp,NCT04352348,ClinicalTrials.gov
tri01896,1,ictrp,NCT04352751,ClinicalTrials.gov
tri01897,1,ictrp,NCT04352933,ClinicalTrials.gov
tri01897,2,ictrp,EUCTR2020-001331-26,EudraCT
tri01898,1,ictrp,NCT04353206,ClinicalTrials.gov
tri01899,1,ictrp,NCT04354259,ClinicalTrials.gov
tri01900,1,ictrp,NCT04354831,ClinicalTrials.gov
tri01903,1,ictrp,NCT04357457,ClinicalTrials.gov
tri01903,2,ictrp,EUCTR2020-001909-22,EudraCT
tri01906,1,ictrp,NCT04362085,ClinicalTrials.gov
tri01909,1,ictrp,NCT04364009,ClinicalTrials.gov
tri01909,2,ictrp,EUCTR2020-001734-36,EudraCT
tri01911,1,ictrp,NCT04364802,ClinicalTrials.gov
tri01913,1,ictrp,NCT04365257,ClinicalTrials.gov
tri01917,1,ictrp,NCT04367077,ClinicalTrials.gov
tri01921,1,ictrp,NCT04378920,ClinicalTrials.gov
tri01922,1,ictrp,NCT04379076,ClinicalTrials.gov
tri01925,1,ictrp,NCT04381988,ClinicalTrials.gov
tri01926,1,ictrp,NCT04382391,ClinicalTrials.gov
tri01930,1,ictrp,NCT04384731,ClinicalTrials.gov
tri01932,1,ictrp,NCT04384900,ClinicalTrials.gov
tri01934,1,ictrp,NCT04385017,ClinicalTrials.gov
tri01935,1,ictrp,NCT04385043,ClinicalTrials.gov
tri01937,1,ictrp,NCT04385095,ClinicalTrials.gov
tri01937,2,ictrp,EUCTR2020-001023-14,EudraCT
tri01937,3,ictrp,ISRCTN14241621,ISRCTN
tri01938,1,ictrp,NCT04385108,ClinicalTrials.gov
tri01940,1,ictrp,NCT04385199,ClinicalTrials.gov
tri01941,1,ictrp,NCT04385264,ClinicalTrials.gov
tri01942,1,ictrp,NCT04385771,ClinicalTrials.gov
tri01947,1,ictrp,NCT04386070,ClinicalTrials.gov
tri01947,2,ictrp,EUCTR2020-001448-24,EudraCT
tri01950,1,ictrp,NCT04386239,ClinicalTrials.gov
tri01958,1,ictrp,NCT04387292,ClinicalTrials.gov
tri01962,1,ictrp,NCT04387955,ClinicalTrials.gov
tri01964,1,ictrp,NCT04388410,ClinicalTrials.gov
tri01970,1,ictrp,NCT04389294,ClinicalTrials.gov
tri01972,1,ictrp,NCT04389359,ClinicalTrials.gov
tri01973,1,ictrp,NCT04389671,ClinicalTrials.gov
tri01974,1,ictrp,NCT04390139,ClinicalTrials.gov
tri01977,1,ictrp,NCT04390191,ClinicalTrials.gov
tri01978,1,ictrp,NCT04394039,ClinicalTrials.gov
tri01979,1,ictrp,ACTRN12620000445976,ANZCTR
tri01980,1,ictrp,ACTRN12620000580976,ANZCTR
tri01981,1,ictrp,ACTRN12620000588998,ANZCTR
tri01982,1,ictrp,ACTRN12620000571976,ANZCTR
tri01986,1,ictrp,EUCTR2020-001684-89,EudraCT
tri01986,2,ictrp,ISRCTN40580903,ISRCTN
tri01987,1,ictrp,ISRCTN85216856,ISRCTN
tri01988,1,ictrp,ISRCTN44152751,ISRCTN
tri01999,1,ictrp,ChiCTR2000033057,ChiCTR
tri02006,1,ictrp,ChiCTR2000033049,ChiCTR
tri02007,1,ictrp,EUCTR2020-001805-21,EudraCT
tri02008,1,ictrp,EUCTR2020-001614-38,EudraCT
tri02009,1,ictrp,EUCTR2020-001770-30,EudraCT
tri02010,1,ictrp,EUCTR2020-001995-13,EudraCT
tri02011,1,ictrp,EUCTR2020-002274-28,EudraCT
tri02012,1,ictrp,EUCTR2020-001704-42,EudraCT
tri02014,1,ictrp,NCT04313127,ClinicalTrials.gov
tri02015,1,ictrp,NCT04321993,ClinicalTrials.gov
tri02017,1,ictrp,NCT04325893,ClinicalTrials.gov
tri02019,1,ictrp,NCT04328129,ClinicalTrials.gov
tri02023,1,ictrp,NCT04341389,ClinicalTrials.gov
tri02024,1,ictrp,NCT04341935,ClinicalTrials.gov
tri02025,1,ictrp,NCT04342182,ClinicalTrials.gov
tri02028,1,ictrp,NCT04358783,ClinicalTrials.gov
tri02029,1,ictrp,NCT04359537,ClinicalTrials.gov
tri02030,1,ictrp,NCT04361253,ClinicalTrials.gov
tri02031,1,ictrp,NCT04363346,ClinicalTrials.gov
tri02032,1,ictrp,NCT04363502,ClinicalTrials.gov
tri02033,1,ictrp,NCT04366960,ClinicalTrials.gov
tri02033,2,auto,EUCTR2020-001708-41,EudraCT
tri02034,1,ictrp,NCT04367831,ClinicalTrials.gov
tri02035,1,ictrp,NCT04370782,ClinicalTrials.gov
tri02037,1,ictrp,NCT04371952,ClinicalTrials.gov
tri02038,1,ictrp,NCT04372979,ClinicalTrials.gov
tri02040,1,ictrp,NCT04375124,ClinicalTrials.gov
tri02043,1,ictrp,NCT04377789,ClinicalTrials.gov
tri02046,1,ictrp,NCT04388683,ClinicalTrials.gov
tri02048,1,ictrp,NCT04389372,ClinicalTrials.gov
tri02049,1,ictrp,NCT04389385,ClinicalTrials.gov
tri02054,1,ictrp,NCT04389801,ClinicalTrials.gov
tri02056,1,ictrp,NCT04390061,ClinicalTrials.gov
tri02056,2,ictrp,EUCTR2020-002035-30,EudraCT
tri02057,1,ictrp,NCT04390152,ClinicalTrials.gov
tri02058,1,ictrp,NCT04390217,ClinicalTrials.gov
tri02060,1,ictrp,NCT04390412,ClinicalTrials.gov
tri02060,2,ictrp,IRCT20200509047366N1,IRCT
tri02061,1,ictrp,NCT04390464,ClinicalTrials.gov
tri02061,2,ictrp,EUCTR2020-001354-22,EudraCT
tri02061,3,ictrp,ISRCTN11188345,ISRCTN
tri02062,1,ictrp,NCT04390477,ClinicalTrials.gov
tri02063,1,ictrp,NCT04390503,ClinicalTrials.gov
tri02068,1,ictrp,NCT04391829,ClinicalTrials.gov
tri02075,1,ictrp,NCT04392323,ClinicalTrials.gov
tri02078,1,ictrp,NCT04392427,ClinicalTrials.gov
tri02079,1,ictrp,NCT04392453,ClinicalTrials.gov
tri02080,1,ictrp,NCT04392713,ClinicalTrials.gov
tri02081,1,ictrp,NCT04392778,ClinicalTrials.gov
tri02082,1,ictrp,NCT04393961,ClinicalTrials.gov
tri02085,1,ictrp,NCT04394169,ClinicalTrials.gov
tri02086,1,ictrp,NCT04394182,ClinicalTrials.gov
tri02088,1,ictrp,NCT04394208,ClinicalTrials.gov
tri02091,1,ictrp,NCT04306393,ClinicalTrials.gov
tri02091,2,auto,EUCTR2020-001490-68,EudraCT
tri02095,1,ictrp,NCT04338828,ClinicalTrials.gov
tri02097,1,ictrp,NCT04341675,ClinicalTrials.gov
tri02099,1,ictrp,NCT04342663,ClinicalTrials.gov
tri02100,1,ictrp,NCT04347681,ClinicalTrials.gov
tri02108,1,ictrp,NCT04355143,ClinicalTrials.gov
tri02110,1,ictrp,NCT04355897,ClinicalTrials.gov
tri02112,1,ictrp,NCT04360837,ClinicalTrials.gov
tri02113,1,ictrp,NCT04361214,ClinicalTrials.gov
tri02114,1,ictrp,NCT04361344,ClinicalTrials.gov
tri02115,1,ictrp,NCT04362189,ClinicalTrials.gov
tri02116,1,ictrp,NCT04365153,ClinicalTrials.gov
tri02120,1,ictrp,NCT04368000,ClinicalTrials.gov
tri02121,1,ictrp,NCT04368845,ClinicalTrials.gov
tri02122,1,ictrp,NCT04372628,ClinicalTrials.gov
tri02123,1,ictrp,NCT04373096,ClinicalTrials.gov
tri02127,1,ictrp,NCT04380402,ClinicalTrials.gov
tri02130,1,ictrp,NCT04384445,ClinicalTrials.gov
tri02133,1,ictrp,NCT04386447,ClinicalTrials.gov
tri02134,1,ictrp,NCT04387240,ClinicalTrials.gov
tri02136,1,ictrp,NCT04390022,ClinicalTrials.gov
tri02138,1,ictrp,NCT04391101,ClinicalTrials.gov
tri02140,1,ictrp,NCT04392128,ClinicalTrials.gov
tri02141,1,ictrp,NCT04392232,ClinicalTrials.gov
tri02142,1,ictrp,NCT04393038,ClinicalTrials.gov
tri02148,1,ictrp,NCT04393727,ClinicalTrials.gov
tri02149,1,ictrp,NCT04393792,ClinicalTrials.gov
tri02149,2,ictrp,EUCTR2020-001721-31,EudraCT
tri02151,1,ictrp,NCT04393818,ClinicalTrials.gov
tri02153,1,ictrp,NCT04394013,ClinicalTrials.gov
tri02155,1,ictrp,NCT04394403,ClinicalTrials.gov
tri02157,1,ictrp,NCT04394442,ClinicalTrials.gov
tri02158,1,ictrp,NCT04395144,ClinicalTrials.gov
tri02159,1,ictrp,NCT04395456,ClinicalTrials.gov
tri02163,1,ictrp,NCT04395768,ClinicalTrials.gov
tri02166,1,ictrp,NCT04395911,ClinicalTrials.gov
tri02167,1,ictrp,NCT04395976,ClinicalTrials.gov
tri02168,1,ictrp,NCT04396106,ClinicalTrials.gov
tri02171,1,ictrp,NCT04396314,ClinicalTrials.gov
tri02175,1,ictrp,NCT04397328,ClinicalTrials.gov
tri02177,1,ictrp,NCT04397523,ClinicalTrials.gov
tri02180,1,ictrp,NCT04397666,ClinicalTrials.gov
tri02181,1,ictrp,NCT04397705,ClinicalTrials.gov
tri02186,1,ictrp,NCT04398277,ClinicalTrials.gov
tri02187,1,ictrp,NCT04398290,ClinicalTrials.gov
tri02188,1,ictrp,NCT04398303,ClinicalTrials.gov
tri02190,1,ictrp,NCT04400032,ClinicalTrials.gov
tri02191,1,ictrp,NCT04404634,ClinicalTrials.gov
tri02196,1,ictrp,ACTRN12620000612910,ANZCTR
tri02197,1,ictrp,ChiCTR2000033433,ChiCTR
tri02205,1,ictrp,ChiCTR2000033320,ChiCTR
tri02207,1,ictrp,ChiCTR2000033318,ChiCTR
tri02210,1,ictrp,ChiCTR2000033284,ChiCTR
tri02211,1,ictrp,ChiCTR2000033261,ChiCTR
tri02214,1,ictrp,ISRCTN15254871,ISRCTN
tri02215,1,ictrp,ISRCTN13447477,ISRCTN
tri02217,1,ictrp,EUCTR2020-001643-13,EudraCT
tri02217,2,ictrp,ISRCTN30564012,ISRCTN
tri02218,1,ictrp,ISRCTN50212645,ISRCTN
tri02220,1,ictrp,ISRCTN88057279,ISRCTN
tri02223,1,ictrp,EUCTR2020-001573-78,EudraCT
tri02224,1,ictrp,EUCTR2020-001754-21,EudraCT
tri02226,1,ictrp,EUCTR2020-001673-75,EudraCT
tri02227,1,ictrp,EUCTR2020-001497-30,EudraCT
tri02228,1,ictrp,EUCTR2020-001739-28,EudraCT
tri02230,1,ictrp,EUCTR2020-001623-13,EudraCT
tri02231,1,ictrp,EUCTR2020-002287-31,EudraCT
tri02232,1,ictrp,EUCTR2020-002037-15,EudraCT
tri02233,1,ictrp,EUCTR2020-001960-28,EudraCT
tri02234,1,ictrp,EUCTR2020-001841-38,EudraCT
tri02235,1,ictrp,EUCTR2020-001420-34,EudraCT
tri02236,1,ictrp,EUCTR2020-001732-10,EudraCT
tri02237,1,ictrp,EUCTR2020-001605-23,EudraCT
tri02238,1,ictrp,EUCTR2020-002312-43,EudraCT
tri02239,1,ictrp,EUCTR2020-001671-32,EudraCT
tri02242,1,ictrp,NCT04305457,ClinicalTrials.gov
tri02244,1,ictrp,NCT04321278,ClinicalTrials.gov
tri02245,1,ictrp,NCT04331600,ClinicalTrials.gov
tri02245,2,ictrp,EUCTR2020-001469-35,EudraCT
tri02246,1,ictrp,NCT04332107,ClinicalTrials.gov
tri02251,1,ictrp,NCT04346693,ClinicalTrials.gov
tri02252,1,ictrp,NCT04348370,ClinicalTrials.gov
tri02256,1,ictrp,NCT04363814,ClinicalTrials.gov
tri02261,1,ictrp,NCT04379375,ClinicalTrials.gov
tri02262,1,ictrp,NCT04380532,ClinicalTrials.gov
tri02266,1,ictrp,NCT04390594,ClinicalTrials.gov
tri02267,1,ictrp,NCT04392869,ClinicalTrials.gov
tri02268,1,ictrp,NCT04393415,ClinicalTrials.gov
tri02269,1,ictrp,NCT04395105,ClinicalTrials.gov
tri02273,1,ictrp,NCT04397497,ClinicalTrials.gov
tri02275,1,ictrp,NCT04398004,ClinicalTrials.gov
tri02275,2,ictrp,EUCTR2020-001882-36,EudraCT
tri02276,1,ictrp,NCT04398147,ClinicalTrials.gov
tri02277,1,ictrp,NCT04399109,ClinicalTrials.gov
tri02278,1,ictrp,NCT04399252,ClinicalTrials.gov
tri02279,1,ictrp,NCT04399356,ClinicalTrials.gov
tri02281,1,ictrp,NCT04399681,ClinicalTrials.gov
tri02282,1,ictrp,NCT04399798,ClinicalTrials.gov
tri02284,1,ictrp,NCT04400058,ClinicalTrials.gov
tri02285,1,ictrp,NCT04400305,ClinicalTrials.gov
tri02287,1,ictrp,NCT04400799,ClinicalTrials.gov
tri02289,1,ictrp,NCT04400838,ClinicalTrials.gov
tri02289,2,ictrp,EUCTR2020-001228-32,EudraCT
tri02290,1,ictrp,NCT04400890,ClinicalTrials.gov
tri02291,1,ictrp,NCT04400929,ClinicalTrials.gov
tri02296,1,ictrp,NCT04401150,ClinicalTrials.gov
tri02297,1,ictrp,NCT04401202,ClinicalTrials.gov
tri02302,1,ictrp,NCT04401410,ClinicalTrials.gov
tri02303,1,ictrp,NCT04401423,ClinicalTrials.gov
tri02304,1,ictrp,NCT04401527,ClinicalTrials.gov
tri02306,1,ictrp,NCT04401644,ClinicalTrials.gov
tri02307,1,ictrp,NCT04402203,ClinicalTrials.gov
tri02310,1,ictrp,NCT04402840,ClinicalTrials.gov
tri02311,1,ictrp,NCT04402983,ClinicalTrials.gov
tri02314,1,ictrp,NCT04403269,ClinicalTrials.gov
tri02316,1,ictrp,NCT04403477,ClinicalTrials.gov
tri02317,1,ictrp,NCT04403555,ClinicalTrials.gov
tri02319,1,ictrp,NCT04403906,ClinicalTrials.gov
tri02320,1,ictrp,NCT04404192,ClinicalTrials.gov
tri02321,1,ictrp,NCT04404218,ClinicalTrials.gov
tri02323,1,ictrp,NCT04317040,ClinicalTrials.gov
tri02325,1,ictrp,NCT04327206,ClinicalTrials.gov
tri02327,1,ictrp,NCT04328467,ClinicalTrials.gov
tri02328,1,ictrp,NCT04328493,ClinicalTrials.gov
tri02329,1,ictrp,NCT04334629,ClinicalTrials.gov
tri02330,1,ictrp,NCT04334850,ClinicalTrials.gov
tri02330,2,ictrp,EUCTR2020-001324-33,EudraCT
tri02333,1,ictrp,NCT04345289,ClinicalTrials.gov
tri02333,2,ictrp,EUCTR2020-001367-88,EudraCT
tri02334,1,ictrp,NCT04351516,ClinicalTrials.gov
tri02334,2,ictrp,EUCTR2020-001482-37,EudraCT
tri02335,1,ictrp,NCT04354428,ClinicalTrials.gov
tri02338,1,ictrp,NCT04362059,ClinicalTrials.gov
tri02338,2,auto,EUCTR2020-001886-35,EudraCT
tri02341,1,ictrp,NCT04366115,ClinicalTrials.gov
tri02342,1,ictrp,NCT04366141,ClinicalTrials.gov
tri02344,1,ictrp,NCT04368988,ClinicalTrials.gov
tri02345,1,ictrp,NCT04373200,ClinicalTrials.gov
tri02346,1,ictrp,NCT04374526,ClinicalTrials.gov
tri02348,1,ictrp,NCT04377659,ClinicalTrials.gov
tri02350,1,ictrp,NCT04378803,ClinicalTrials.gov
tri02354,1,ictrp,NCT04382547,ClinicalTrials.gov
tri02357,1,ictrp,NCT04386291,ClinicalTrials.gov
tri02360,1,ictrp,NCT04388527,ClinicalTrials.gov
tri02364,1,ictrp,NCT04397692,ClinicalTrials.gov
tri02366,1,ictrp,NCT04401046,ClinicalTrials.gov
tri02367,1,ictrp,NCT04402892,ClinicalTrials.gov
tri02371,1,ictrp,NCT04403243,ClinicalTrials.gov
tri02372,1,ictrp,NCT04403646,ClinicalTrials.gov
tri02374,1,ictrp,NCT04403685,ClinicalTrials.gov
tri02378,1,ictrp,NCT04404426,ClinicalTrials.gov
tri02379,1,ictrp,NCT04405102,ClinicalTrials.gov
tri02380,1,ictrp,NCT04405271,ClinicalTrials.gov
tri02383,1,ictrp,NCT04405492,ClinicalTrials.gov
tri02384,1,ictrp,NCT04405843,ClinicalTrials.gov
tri02388,1,ictrp,NCT04406064,ClinicalTrials.gov
tri02391,1,ictrp,NCT04406246,ClinicalTrials.gov
tri02393,1,ictrp,NCT04406389,ClinicalTrials.gov
tri02394,1,ictrp,NCT04406493,ClinicalTrials.gov
tri02395,1,ictrp,NCT04406532,ClinicalTrials.gov
tri02401,1,ictrp,NCT04407286,ClinicalTrials.gov
tri02405,1,ictrp,NCT04407507,ClinicalTrials.gov
tri02409,1,ictrp,NCT04408027,ClinicalTrials.gov
tri02410,1,ictrp,NCT04408040,ClinicalTrials.gov
tri02412,1,ictrp,NCT04408235,ClinicalTrials.gov
tri02412,2,ictrp,EUCTR2020-001972-13,EudraCT
tri02415,1,ictrp,ACTRN12620000640909,ANZCTR
tri02416,1,ictrp,ACTRN12620000635965,ANZCTR
tri02418,1,ictrp,ACTRN12620000636954,ANZCTR
tri02419,1,ictrp,ACTRN12620000634976,ANZCTR
tri02421,1,ictrp,ChiCTR2000033627,ChiCTR
tri02427,1,ictrp,ISRCTN99248812,ISRCTN
tri02429,1,ictrp,ISRCTN12107048,ISRCTN
tri02432,1,ictrp,ISRCTN43900695,ISRCTN
tri02434,1,ictrp,EUCTR2020-001597-30,EudraCT
tri02435,1,ictrp,EUCTR2020-001546-19,EudraCT
tri02436,1,ictrp,EUCTR2020-002111-22,EudraCT
tri02437,1,ictrp,EUCTR2020-001904-41,EudraCT
tri02438,1,ictrp,EUCTR2020-002091-12,EudraCT
tri02439,1,ictrp,EUCTR2020-001849-39,EudraCT
tri02440,1,ictrp,EUCTR2020-001951-42,EudraCT
tri02442,1,ictrp,EUCTR2020-001038-36,EudraCT
tri02443,1,ictrp,EUCTR2020-002130-33,EudraCT
tri02444,1,ictrp,NCT04283461,ClinicalTrials.gov
tri02447,1,ictrp,NCT04320615,ClinicalTrials.gov
tri02447,2,ictrp,EUCTR2020-001154-22,EudraCT
tri02448,1,ictrp,NCT04322123,ClinicalTrials.gov
tri02448,2,ictrp,RBR-9d8z6m,ReBec
tri02450,1,ictrp,NCT04323228,ClinicalTrials.gov
tri02451,1,ictrp,NCT04329832,ClinicalTrials.gov
tri02455,1,ictrp,NCT04337788,ClinicalTrials.gov
tri02457,1,ictrp,NCT04344600,ClinicalTrials.gov
tri02458,1,ictrp,NCT04344951,ClinicalTrials.gov
tri02458,2,ictrp,EUCTR2020-001345-38,EudraCT
tri02461,1,ictrp,NCT04348513,ClinicalTrials.gov
tri02462,1,ictrp,NCT04351243,ClinicalTrials.gov
tri02463,1,ictrp,NCT04355364,ClinicalTrials.gov
tri02467,1,ictrp,NCT04363736,ClinicalTrials.gov
tri02468,1,ictrp,NCT04363827,ClinicalTrials.gov
tri02471,1,ictrp,NCT04370236,ClinicalTrials.gov
tri02473,1,ictrp,NCT04373044,ClinicalTrials.gov
tri02474,1,ictrp,NCT04374461,ClinicalTrials.gov
tri02475,1,ictrp,NCT04377672,ClinicalTrials.gov
tri02476,1,ictrp,NCT04384965,ClinicalTrials.gov
tri02477,1,ictrp,NCT04385186,ClinicalTrials.gov
tri02478,1,ictrp,NCT04385849,ClinicalTrials.gov
tri02480,1,ictrp,NCT04391179,ClinicalTrials.gov
tri02482,1,ictrp,NCT04396067,ClinicalTrials.gov
tri02483,1,ictrp,NCT04397757,ClinicalTrials.gov
tri02484,1,ictrp,NCT04397796,ClinicalTrials.gov
tri02486,1,ictrp,NCT04401475,ClinicalTrials.gov
tri02488,1,ictrp,NCT04402879,ClinicalTrials.gov
tri02490,1,ictrp,NCT04405544,ClinicalTrials.gov
tri02492,1,ictrp,NCT04405986,ClinicalTrials.gov
tri02493,1,ictrp,NCT04406181,ClinicalTrials.gov
tri02501,1,ictrp,NCT04407390,ClinicalTrials.gov
tri02506,1,ictrp,NCT04408131,ClinicalTrials.gov
tri02507,1,ictrp,NCT04408157,ClinicalTrials.gov
tri02511,1,ictrp,NCT04408287,ClinicalTrials.gov
tri02516,1,ictrp,NCT04409327,ClinicalTrials.gov
tri02518,1,ictrp,NCT04409509,ClinicalTrials.gov
tri02521,1,ictrp,NCT04409743,ClinicalTrials.gov
tri02522,1,ictrp,NCT04409821,ClinicalTrials.gov
tri02524,1,ictrp,NCT04409873,ClinicalTrials.gov
tri02529,1,ictrp,NCT04410328,ClinicalTrials.gov
tri02532,1,ictrp,NCT04410510,ClinicalTrials.gov
tri02533,1,ictrp,NCT04410536,ClinicalTrials.gov
tri02535,1,ictrp,NCT04410562,ClinicalTrials.gov
tri02539,1,ictrp,NCT04411433,ClinicalTrials.gov
tri02542,1,ictrp,NCT04411602,ClinicalTrials.gov
tri02543,1,ictrp,NCT04411680,ClinicalTrials.gov
tri02545,1,ictrp,NCT04412239,ClinicalTrials.gov
tri02546,1,ictrp,NCT04412343,ClinicalTrials.gov
tri02549,1,ictrp,NCT04412395,ClinicalTrials.gov
tri02552,1,ictrp,NCT04412486,ClinicalTrials.gov
tri02556,1,ictrp,NCT04311697,ClinicalTrials.gov
tri02557,1,ictrp,NCT04315948,ClinicalTrials.gov
tri02557,2,auto,EUCTR2020-000936-23,EudraCT
tri02558,1,ictrp,NCT04326114,ClinicalTrials.gov
tri02559,1,ictrp,NCT04327401,ClinicalTrials.gov
tri02560,1,ictrp,NCT04327505,ClinicalTrials.gov
tri02560,2,ictrp,EUCTR2020-001349-37,EudraCT
tri02560,3,ictrp,DRKS00021626,DRKS
tri02563,1,ictrp,NCT04333654,ClinicalTrials.gov
tri02564,1,ictrp,NCT04336410,ClinicalTrials.gov
tri02565,1,ictrp,NCT04339816,ClinicalTrials.gov
tri02565,2,ictrp,EUCTR2020-001456-18,EudraCT
tri02567,1,ictrp,NCT04341142,ClinicalTrials.gov
tri02569,1,ictrp,NCT04343248,ClinicalTrials.gov
tri02571,1,ictrp,NCT04345692,ClinicalTrials.gov
tri02575,1,ictrp,NCT04348500,ClinicalTrials.gov
tri02577,1,ictrp,NCT04355936,ClinicalTrials.gov
tri02578,1,ictrp,NCT04356482,ClinicalTrials.gov
tri02579,1,ictrp,NCT04358003,ClinicalTrials.gov
tri02580,1,ictrp,NCT04359511,ClinicalTrials.gov
tri02581,1,ictrp,NCT04359680,ClinicalTrials.gov
tri02582,1,ictrp,NCT04359901,ClinicalTrials.gov
tri02583,1,ictrp,NCT04361838,ClinicalTrials.gov
tri02586,1,ictrp,NCT04372589,ClinicalTrials.gov
tri02587,1,ictrp,NCT04374084,ClinicalTrials.gov
tri02588,1,ictrp,NCT04374786,ClinicalTrials.gov
tri02589,1,ictrp,NCT04382040,ClinicalTrials.gov
tri02590,1,ictrp,NCT04382066,ClinicalTrials.gov
tri02591,1,ictrp,NCT04382950,ClinicalTrials.gov
tri02592,1,ictrp,NCT04384458,ClinicalTrials.gov
tri02594,1,ictrp,NCT04385901,ClinicalTrials.gov
tri02595,1,ictrp,NCT04385940,ClinicalTrials.gov
tri02597,1,ictrp,NCT04389580,ClinicalTrials.gov
tri02598,1,ictrp,NCT04392414,ClinicalTrials.gov
tri02599,1,ictrp,NCT04393246,ClinicalTrials.gov
tri02600,1,ictrp,NCT04394416,ClinicalTrials.gov
tri02603,1,ictrp,NCT04400279,ClinicalTrials.gov
tri02605,1,ictrp,NCT04408066,ClinicalTrials.gov
tri02606,1,ictrp,NCT04408183,ClinicalTrials.gov
tri02608,1,ictrp,NCT04409496,ClinicalTrials.gov
tri02610,1,ictrp,NCT04409834,ClinicalTrials.gov
tri02612,1,ictrp,NCT04411446,ClinicalTrials.gov
tri02615,1,ictrp,NCT04411667,ClinicalTrials.gov
tri02617,1,ictrp,NCT04412018,ClinicalTrials.gov
tri02619,1,ictrp,NCT04412538,ClinicalTrials.gov
tri02622,1,ictrp,NCT04412772,ClinicalTrials.gov
tri02623,1,ictrp,NCT04412785,ClinicalTrials.gov
tri02624,1,ictrp,NCT04413006,ClinicalTrials.gov
tri02626,1,ictrp,NCT04413838,ClinicalTrials.gov
tri02627,1,ictrp,NCT04413864,ClinicalTrials.gov
tri02629,1,ictrp,NCT04413968,ClinicalTrials.gov
tri02631,1,ictrp,NCT04414098,ClinicalTrials.gov
tri02632,1,ictrp,NCT04414124,ClinicalTrials.gov
tri02633,1,ictrp,NCT04414371,ClinicalTrials.gov
tri02635,1,ictrp,NCT04414631,ClinicalTrials.gov
tri02637,1,ictrp,NCT04415073,ClinicalTrials.gov
tri02638,1,ictrp,NCT04415151,ClinicalTrials.gov
tri02640,1,ictrp,NCT04416048,ClinicalTrials.gov
tri02643,1,ictrp,NCT04416113,ClinicalTrials.gov
tri02644,1,ictrp,NCT04416139,ClinicalTrials.gov
tri02647,1,ictrp,NCT04416360,ClinicalTrials.gov
tri02650,1,ictrp,NCT04416919,ClinicalTrials.gov
tri02651,1,ictrp,NCT04417270,ClinicalTrials.gov
tri02652,1,ictrp,NCT04417335,ClinicalTrials.gov
tri02652,2,ictrp,EUCTR2020-001591-15,EudraCT
tri02652,3,ictrp,NL8547,NTR
tri02654,1,ictrp,NCT04418947,ClinicalTrials.gov
tri02655,1,ictrp,NCT04419025,ClinicalTrials.gov
tri02657,1,ictrp,ISRCTN59048638,ISRCTN
tri02666,1,ictrp,ChiCTR2000033774,ChiCTR
tri02672,1,ictrp,EUCTR2020-001257-51,EudraCT
tri02673,1,ictrp,EUCTR2020-001363-85,EudraCT
tri02675,1,ictrp,EUCTR2020-001376-15,EudraCT
tri02677,1,ictrp,EUCTR2020-001498-63,EudraCT
tri02679,1,ictrp,EUCTR2020-001937-11,EudraCT
tri02680,1,ictrp,EUCTR2020-001244-26,EudraCT
tri02683,1,ictrp,DRKS00021447,DRKS
tri02685,1,ictrp,DRKS00021420,DRKS
tri02695,1,ictrp,DRKS00021527,DRKS
tri02699,1,ictrp,DRKS00021573,DRKS
tri02703,1,ictrp,DRKS00021585,DRKS
tri02704,1,ictrp,DRKS00021588,DRKS
tri02706,1,ictrp,DRKS00021582,DRKS
tri02710,1,ictrp,DRKS00021214,DRKS
tri02722,1,ictrp,DRKS00021153,DRKS
tri02724,1,ictrp,DRKS00021301,DRKS
tri02732,1,ictrp,DRKS00021273,DRKS
tri02736,1,ictrp,DRKS00022067,DRKS
tri02738,1,ictrp,DRKS00022083,DRKS
tri02761,1,ictrp,EUCTR2020-001431-27,EudraCT
tri02761,2,ictrp,DRKS00021732,DRKS
tri02762,1,ictrp,DRKS00021706,DRKS
tri02774,1,ictrp,IRCT20200324046850N3,IRCT
tri02775,1,ictrp,IRCT20180923041093N3,IRCT
tri02776,1,ictrp,IRCT20180923041093N4,IRCT
tri02777,1,ictrp,IRCT20200324046850N1,IRCT
tri02778,1,ictrp,IRCT20200318046812N1,IRCT
tri02779,1,ictrp,IRCT20190810044500N5,IRCT
tri02780,1,ictrp,IRCT20180725040596N2,IRCT
tri02781,1,ictrp,IRCT20200404046947N1,IRCT
tri02782,1,ictrp,IRCT20151228025732N52,IRCT
tri02783,1,ictrp,IRCT20081027001411N3,IRCT
tri02784,1,ictrp,IRCT20091201002804N12,IRCT
tri02786,1,ictrp,IRCT20200411047016N1,IRCT
tri02787,1,ictrp,IRCT20190727044343N3,IRCT
tri02788,1,ictrp,IRCT20200223046586N2,IRCT
tri02789,1,ictrp,IRCT20081019001369N6,IRCT
tri02790,1,ictrp,IRCT20091012002582N21,IRCT
tri02791,1,ictrp,IRCT20200325046859N2,IRCT
tri02792,1,ictrp,IRCT20190418043307N1,IRCT
tri02793,1,ictrp,IRCT20200411047019N1,IRCT
tri02794,1,ictrp,IRCT20150303021315N19,IRCT
tri02795,1,ictrp,IRCT20080901001165N59,IRCT
tri02796,1,ictrp,IRCT20200209046427N1,IRCT
tri02797,1,ictrp,IRCT20200428047228N1,IRCT
tri02798,1,ictrp,IRCT20200501047259N1,IRCT
tri02799,1,ictrp,IRCT20200115046144N2,IRCT
tri02800,1,ictrp,IRCT20131129015584N3,IRCT
tri02801,1,ictrp,IRCT20150107020592N25,IRCT
tri02802,1,ictrp,IRCT20200502047268N1,IRCT
tri02803,1,ictrp,IRCT20200503047280N1,IRCT
tri02804,1,ictrp,IRCT20200418047126N1,IRCT
tri02805,1,ictrp,IRCT20200405046951N1,IRCT
tri02806,1,ictrp,IRCT20170211032494N3,IRCT
tri02807,1,ictrp,IRCT20081011001323N25,IRCT
tri02808,1,ictrp,IRCT20200421047150N1,IRCT
tri02809,1,ictrp,IRCT20180923041093N6,IRCT
tri02810,1,ictrp,IRCT20200509047360N1,IRCT
tri02811,1,ictrp,IRCT20140428017469N1,IRCT
tri02812,1,ictrp,IRCT20200506047323N2,IRCT
tri02813,1,ictrp,IRCT20200509047373N1,IRCT
tri02814,1,ictrp,IRCT20151227025726N15,IRCT
tri02815,1,ictrp,IRCT20150716023235N15,IRCT
tri02816,1,ictrp,IRCT20200510047383N1,IRCT
tri02817,1,ictrp,IRCT20120215009014N355,IRCT
tri02818,1,ictrp,IRCT20200511047396N1,IRCT
tri02819,1,ictrp,IRCT20170731035423N2,IRCT
tri02820,1,ictrp,IRCT20090609002017N35,IRCT
tri02821,1,ictrp,IRCT20080901001165N55,IRCT
tri02822,1,ictrp,IRCT20080901001165N53,IRCT
tri02823,1,ictrp,IRCT20200428047228N2,IRCT
tri02824,1,ictrp,IRCT20080901001165N60,IRCT
tri02825,1,ictrp,IRCT20200506047323N1,IRCT
tri02826,1,ictrp,IRCT20080901001165N56,IRCT
tri02827,1,ictrp,IRCT20200405046960N2,IRCT
tri02828,1,ictrp,IRCT20200516047462N1,IRCT
tri02829,1,ictrp,IRCT20151227025726N17,IRCT
tri02830,1,ictrp,IRCT20200516047468N1,IRCT
tri02831,1,ictrp,IRCT20150107020592N23,IRCT
tri02832,1,ictrp,IRCT20160809029275N1,IRCT
tri02833,1,ictrp,IRCT20151226025699N3,IRCT
tri02834,1,ictrp,IRCT20180608040007N2,IRCT
tri02835,1,ictrp,IRCT20200517047485N1,IRCT
tri02836,1,ictrp,IRCT20150107020592N22,IRCT
tri02837,1,ictrp,IRCT20200518047497N1,IRCT
tri02838,1,ictrp,IRCT20200519047510N1,IRCT
tri02839,1,ictrp,IRCT20151227025726N18,IRCT
tri02840,1,ictrp,IRCT20161206031256N3,IRCT
tri02841,1,ictrp,IRCT20080901001165N58,IRCT
tri02842,1,ictrp,IRCT20160126026217N4,IRCT
tri02843,1,ictrp,IRCT20200422047168N2,IRCT
tri02844,1,ictrp,IRCT20200525047562N1,IRCT
tri02846,1,ictrp,IRCT20150107020592N24,IRCT
tri02847,1,ictrp,IRCT20200518047497N2,IRCT
tri02848,1,ictrp,IRCT20120703010178N20,IRCT
tri02849,1,ictrp,IRCT20200412047042N1,IRCT
tri02852,1,ictrp,JPRN-JapicCTI-205270,JapicCTI
tri02854,1,ictrp,JPRN-jRCTs031190227,jRCT
tri02855,1,ictrp,JPRN-jRCTs031190269,jRCT
tri02856,1,ictrp,JPRN-jRCTs031200026,jRCT
tri02857,1,ictrp,JPRN-jRCTs032200044,jRCT
tri02858,1,ictrp,JPRN-jRCTs041190120,jRCT
tri02859,1,ictrp,JPRN-jRCTs061200002,jRCT
tri02875,1,ictrp,JPRN-UMIN000040602,UMIN-CTR
tri02881,1,ictrp,JPRN-UMIN000040694,UMIN-CTR
tri02882,1,ictrp,PACTR202004801273802,PACTR
tri02884,1,ictrp,PACTR202004761408382,PACTR
tri02886,1,ictrp,PACTR202004893013257,PACTR
tri02887,1,ictrp,PACTR202005681895696,PACTR
tri02888,1,ictrp,PACTR202005622389003,PACTR
tri02889,1,ictrp,PACTR202006717277937,PACTR
tri02890,1,ictrp,PACTR202006899597082,PACTR
tri02891,1,ictrp,RBR-6m69fc,ReBec
tri02893,1,ictrp,RBR-8969zg,ReBec
tri02894,1,ictrp,RBR-658khm,ReBec
tri02895,1,ictrp,RBR-6w5tbk,ReBec
tri02896,1,ictrp,RBR-3k4wxb,ReBec
tri02897,1,ictrp,RBR-3rdhgm,ReBec
tri02898,1,ictrp,RBR-4vm3yy,ReBec
tri02900,1,ictrp,RBR-9y32yy,ReBec
tri02902,1,ictrp,RBR-2dxyx4,ReBec
tri02904,1,ictrp,RBR-949z6v,ReBec
tri02905,1,ictrp,RBR-876qb5,ReBec
tri02907,1,ictrp,RPCEC00000306,RPCEC
tri02908,1,ictrp,RPCEC00000307,RPCEC
tri02910,1,ictrp,RPCEC00000309,RPCEC
tri02912,1,ictrp,RPCEC00000311,RPCEC
tri02917,1,ictrp,RPCEC00000316,RPCEC
tri02921,1,ictrp,RPCEC00000320,RPCEC
tri02924,1,ictrp,TCTR20200514001,TCTR
tri02927,1,ictrp,TCTR20200409006,TCTR
tri02929,1,ictrp,TCTR20200404004,TCTR
tri02933,1,ictrp,NCT04315298,ClinicalTrials.gov
tri02935,1,ictrp,NCT04321928,ClinicalTrials.gov
tri02937,1,ictrp,NCT04335305,ClinicalTrials.gov
tri02939,1,ictrp,NCT04339426,ClinicalTrials.gov
tri02942,1,ictrp,NCT04346589,ClinicalTrials.gov
tri02943,1,ictrp,NCT04347382,ClinicalTrials.gov
tri02944,1,ictrp,NCT04348656,ClinicalTrials.gov
tri02948,1,ictrp,NCT04351581,ClinicalTrials.gov
tri02948,2,ictrp,EUCTR2020-001544-26,EudraCT
tri02951,1,ictrp,NCT04357444,ClinicalTrials.gov
tri02951,2,ictrp,EUCTR2020-001571-32,EudraCT
tri02953,1,ictrp,NCT04366323,ClinicalTrials.gov
tri02953,2,ictrp,EUCTR2020-001364-29,EudraCT
tri02954,1,ictrp,NCT04367545,ClinicalTrials.gov
tri02956,1,ictrp,NCT04368728,ClinicalTrials.gov
tri02957,1,ictrp,NCT04370223,ClinicalTrials.gov
tri02961,1,ictrp,NCT04374565,ClinicalTrials.gov
tri02963,1,ictrp,NCT04381923,ClinicalTrials.gov
tri02964,1,ictrp,NCT04381962,ClinicalTrials.gov
tri02964,2,ictrp,EUCTR2020-001740-26,EudraCT
tri02967,1,ictrp,NCT04393636,ClinicalTrials.gov
tri02968,1,ictrp,NCT04395807,ClinicalTrials.gov
tri02969,1,ictrp,NCT04397510,ClinicalTrials.gov
tri02970,1,ictrp,NCT04401293,ClinicalTrials.gov
tri02972,1,ictrp,NCT04402060,ClinicalTrials.gov
tri02973,1,ictrp,NCT04403100,ClinicalTrials.gov
tri02978,1,ictrp,NCT04412356,ClinicalTrials.gov
tri02979,1,ictrp,NCT04413747,ClinicalTrials.gov
tri02980,1,ictrp,NCT04415086,ClinicalTrials.gov
tri02981,1,ictrp,NCT04415879,ClinicalTrials.gov
tri02982,1,ictrp,NCT04416399,ClinicalTrials.gov
tri02984,1,ictrp,NCT04418128,ClinicalTrials.gov
tri02986,1,ictrp,NCT04418206,ClinicalTrials.gov
tri02989,1,ictrp,NCT04418505,ClinicalTrials.gov
tri02990,1,ictrp,NCT04418518,ClinicalTrials.gov
tri02991,1,ictrp,NCT04418531,ClinicalTrials.gov
tri02995,1,ictrp,NCT04419623,ClinicalTrials.gov
tri02996,1,ictrp,NCT04420182,ClinicalTrials.gov
tri02997,1,ictrp,NCT04420260,ClinicalTrials.gov
tri02998,1,ictrp,NCT04420273,ClinicalTrials.gov
tri03000,1,ictrp,NCT04420364,ClinicalTrials.gov
tri03001,1,ictrp,NCT04420390,ClinicalTrials.gov
tri03005,1,ictrp,NCT04420676,ClinicalTrials.gov
tri03008,1,ictrp,NCT04421391,ClinicalTrials.gov
tri03009,1,ictrp,NCT04421534,ClinicalTrials.gov
tri03010,1,ictrp,NCT04421625,ClinicalTrials.gov
tri03011,1,ictrp,NCT04421664,ClinicalTrials.gov
tri03017,1,ictrp,NCT04423042,ClinicalTrials.gov
tri03020,1,ictrp,NCT04424134,ClinicalTrials.gov
tri03021,1,ictrp,NCT04425616,ClinicalTrials.gov
tri03024,1,ictrp,NCT04303507,ClinicalTrials.gov
tri03024,2,ictrp,EUCTR2020-001441-39,EudraCT
tri03025,1,ictrp,NCT04315987,ClinicalTrials.gov
tri03026,1,ictrp,NCT04322682,ClinicalTrials.gov
tri03027,1,ictrp,NCT04325906,ClinicalTrials.gov
tri03029,1,ictrp,NCT04334460,ClinicalTrials.gov
tri03030,1,ictrp,NCT04335786,ClinicalTrials.gov
tri03030,2,auto,EUCTR2020-001320-34,EudraCT
tri03032,1,ictrp,NCT04337996,ClinicalTrials.gov
tri03033,1,ictrp,NCT04338074,ClinicalTrials.gov
tri03034,1,ictrp,NCT04341116,ClinicalTrials.gov
tri03035,1,ictrp,NCT04341922,ClinicalTrials.gov
tri03037,1,ictrp,NCT04343651,ClinicalTrials.gov
tri03039,1,ictrp,NCT04344288,ClinicalTrials.gov
tri03039,2,ictrp,EUCTR2020-001553-48,EudraCT
tri03044,1,ictrp,NCT04346628,ClinicalTrials.gov
tri03046,1,ictrp,NCT04347239,ClinicalTrials.gov
tri03047,1,ictrp,NCT04348409,ClinicalTrials.gov
tri03049,1,ictrp,NCT04351152,ClinicalTrials.gov
tri03051,1,ictrp,NCT04353596,ClinicalTrials.gov
tri03051,2,ictrp,EUCTR2020-001206-35,EudraCT
tri03052,1,ictrp,NCT04355351,ClinicalTrials.gov
tri03053,1,ictrp,NCT04356495,ClinicalTrials.gov
tri03053,2,ictrp,EUCTR2020-001435-27,EudraCT
tri03057,1,ictrp,NCT04362813,ClinicalTrials.gov
tri03057,2,ictrp,EUCTR2020-001370-30,EudraCT
tri03058,1,ictrp,NCT04363606,ClinicalTrials.gov
tri03060,1,ictrp,NCT04366232,ClinicalTrials.gov
tri03060,2,auto,EUCTR2020-001963-10,EudraCT
tri03061,1,ictrp,NCT04366245,ClinicalTrials.gov
tri03063,1,ictrp,NCT04369599,ClinicalTrials.gov
tri03065,1,ictrp,NCT04375098,ClinicalTrials.gov
tri03066,1,ictrp,NCT04375735,ClinicalTrials.gov
tri03067,1,ictrp,NCT04377711,ClinicalTrials.gov
tri03071,1,ictrp,NCT04382768,ClinicalTrials.gov
tri03074,1,ictrp,NCT04386694,ClinicalTrials.gov
tri03075,1,ictrp,NCT04386850,ClinicalTrials.gov
tri03075,2,ictrp,IRCT20200401046909N1,IRCT
tri03075,3,ictrp,IRCT20200401046909N2,IRCT
tri03077,1,ictrp,NCT04389450,ClinicalTrials.gov
tri03081,1,ictrp,NCT04391127,ClinicalTrials.gov
tri03085,1,ictrp,NCT04395170,ClinicalTrials.gov
tri03086,1,ictrp,NCT04399980,ClinicalTrials.gov
tri03092,1,ictrp,NCT04409886,ClinicalTrials.gov
tri03093,1,ictrp,NCT04410016,ClinicalTrials.gov
tri03095,1,ictrp,NCT04412252,ClinicalTrials.gov
tri03098,1,ictrp,NCT04414293,ClinicalTrials.gov
tri03099,1,ictrp,NCT04414618,ClinicalTrials.gov
tri03101,1,ictrp,NCT04416334,ClinicalTrials.gov
tri03102,1,ictrp,NCT04420299,ClinicalTrials.gov
tri03103,1,ictrp,NCT04422353,ClinicalTrials.gov
tri03104,1,ictrp,NCT04422509,ClinicalTrials.gov
tri03108,1,ictrp,NCT04422613,ClinicalTrials.gov
tri03110,1,ictrp,NCT04422678,ClinicalTrials.gov
tri03116,1,ictrp,NCT04423861,ClinicalTrials.gov
tri03120,1,ictrp,NCT04424082,ClinicalTrials.gov
tri03122,1,ictrp,NCT04424797,ClinicalTrials.gov
tri03124,1,ictrp,NCT04424901,ClinicalTrials.gov
tri03126,1,ictrp,NCT04425005,ClinicalTrials.gov
tri03128,1,ictrp,NCT04425317,ClinicalTrials.gov
tri03130,1,ictrp,NCT04425460,ClinicalTrials.gov
tri03132,1,ictrp,NCT04425538,ClinicalTrials.gov
tri03133,1,ictrp,NCT04425707,ClinicalTrials.gov
tri03134,1,ictrp,NCT04425733,ClinicalTrials.gov
tri03135,1,ictrp,NCT04425772,ClinicalTrials.gov
tri03136,1,ictrp,NCT04425837,ClinicalTrials.gov
tri03138,1,ictrp,NCT04425915,ClinicalTrials.gov
tri03139,1,ictrp,NCT04426006,ClinicalTrials.gov
tri03142,1,ictrp,NCT04426201,ClinicalTrials.gov
tri03145,1,ictrp,NCT04426292,ClinicalTrials.gov
tri03147,1,ictrp,NCT04426318,ClinicalTrials.gov
tri03148,1,ictrp,NCT04426344,ClinicalTrials.gov
tri03154,1,ictrp,NCT04427631,ClinicalTrials.gov
tri03156,1,ictrp,NCT04428021,ClinicalTrials.gov
tri03157,1,ictrp,NCT04428073,ClinicalTrials.gov
tri03158,1,ictrp,NCT04428099,ClinicalTrials.gov
tri03159,1,ictrp,NCT04428801,ClinicalTrials.gov
tri03161,1,ictrp,NCT04429529,ClinicalTrials.gov
tri03162,1,ictrp,NCT04429763,ClinicalTrials.gov
tri03163,1,ictrp,NCT04429854,ClinicalTrials.gov
tri03164,1,ictrp,ACTRN12620000501943,ANZCTR
tri03166,1,ictrp,ACTRN12620000674932,ANZCTR
tri03167,1,ictrp,ACTRN12620000676910,ANZCTR
tri03168,1,ictrp,ISRCTN89951424,ISRCTN
tri03170,1,ictrp,ISRCTN94091479,ISRCTN
tri03171,1,ictrp,ISRCTN33578935,ISRCTN
tri03172,1,ictrp,ISRCTN40302986,ISRCTN
tri03173,1,ictrp,ISRCTN21363594,ISRCTN
tri03179,1,ictrp,ChiCTR2000033936,ChiCTR
tri03185,1,ictrp,EUCTR2020-001636-95,EudraCT
tri03186,1,ictrp,EUCTR2020-002293-28,EudraCT
tri03187,1,ictrp,EUCTR2020-001889-10,EudraCT
tri03188,1,ictrp,EUCTR2020-002120-37,EudraCT
tri03189,1,ictrp,EUCTR2020-002233-15,EudraCT
tri03190,1,ictrp,EUCTR2020-001784-88,EudraCT
tri03192,1,ictrp,EUCTR2020-001736-95,EudraCT
tri03195,1,ictrp,NCT04303299,ClinicalTrials.gov
tri03196,1,ictrp,NCT04311177,ClinicalTrials.gov
tri03197,1,ictrp,NCT04312009,ClinicalTrials.gov
tri03198,1,ictrp,NCT04312243,ClinicalTrials.gov
tri03200,1,ictrp,NCT04340414,ClinicalTrials.gov
tri03204,1,ictrp,NCT04353128,ClinicalTrials.gov
tri03207,1,ictrp,NCT04369066,ClinicalTrials.gov
tri03208,1,ictrp,NCT04370262,ClinicalTrials.gov
tri03209,1,ictrp,NCT04371029,ClinicalTrials.gov
tri03212,1,ictrp,NCT04382053,ClinicalTrials.gov
tri03212,2,ictrp,EUCTR2020-001870-32,EudraCT
tri03213,1,ictrp,NCT04383535,ClinicalTrials.gov
tri03217,1,ictrp,NCT04387409,ClinicalTrials.gov
tri03218,1,ictrp,NCT04388709,ClinicalTrials.gov
tri03220,1,ictrp,NCT04391140,ClinicalTrials.gov
tri03221,1,ictrp,NCT04394455,ClinicalTrials.gov
tri03222,1,ictrp,NCT04395716,ClinicalTrials.gov
tri03223,1,ictrp,NCT04397562,ClinicalTrials.gov
tri03227,1,ictrp,NCT04402944,ClinicalTrials.gov
tri03228,1,ictrp,NCT04402957,ClinicalTrials.gov
tri03230,1,ictrp,NCT04412057,ClinicalTrials.gov
tri03235,1,ictrp,NCT04421404,ClinicalTrials.gov
tri03241,1,ictrp,NCT04425252,ClinicalTrials.gov
tri03244,1,ictrp,NCT04427865,ClinicalTrials.gov
tri03245,1,ictrp,NCT04427878,ClinicalTrials.gov
tri03247,1,ictrp,NCT04429334,ClinicalTrials.gov
tri03248,1,ictrp,NCT04429555,ClinicalTrials.gov
tri03249,1,ictrp,NCT04429711,ClinicalTrials.gov
tri03250,1,ictrp,NCT04429724,ClinicalTrials.gov
tri03252,1,ictrp,NCT04429828,ClinicalTrials.gov
tri03253,1,ictrp,NCT04429867,ClinicalTrials.gov
tri03255,1,ictrp,NCT04430608,ClinicalTrials.gov
tri03258,1,ictrp,NCT04431297,ClinicalTrials.gov
tri03260,1,ictrp,NCT04431453,ClinicalTrials.gov
tri03260,2,ictrp,EUCTR2020-001803-17,EudraCT
tri03261,1,ictrp,NCT04431466,ClinicalTrials.gov
tri03262,1,ictrp,NCT04431856,ClinicalTrials.gov
tri03264,1,ictrp,NCT04432272,ClinicalTrials.gov
tri03265,1,ictrp,NCT04432324,ClinicalTrials.gov
tri03265,2,ictrp,EUCTR2020-001696-32,EudraCT
tri03270,1,ictrp,NCT04434131,ClinicalTrials.gov
tri03274,1,ictrp,NCT04269525,ClinicalTrials.gov
tri03278,1,ictrp,NCT04312997,ClinicalTrials.gov
tri03279,1,ictrp,NCT04313023,ClinicalTrials.gov
tri03286,1,ictrp,NCT04323800,ClinicalTrials.gov
tri03287,1,ictrp,NCT04324463,ClinicalTrials.gov
tri03289,1,ictrp,NCT04328285,ClinicalTrials.gov
tri03289,2,ictrp,EUCTR2020-001188-96,EudraCT
tri03291,1,ictrp,NCT04329611,ClinicalTrials.gov
tri03292,1,ictrp,NCT04331366,ClinicalTrials.gov
tri03293,1,ictrp,NCT04331899,ClinicalTrials.gov
tri03294,1,ictrp,NCT04332991,ClinicalTrials.gov
tri03295,1,ictrp,NCT04335136,ClinicalTrials.gov
tri03295,2,ictrp,EUCTR2020-001172-15,EudraCT
tri03296,1,ictrp,NCT04337918,ClinicalTrials.gov
tri03298,1,ictrp,NCT04341285,ClinicalTrials.gov
tri03299,1,ictrp,NCT04341688,ClinicalTrials.gov
tri03300,1,ictrp,NCT04342689,ClinicalTrials.gov
tri03301,1,ictrp,NCT04342897,ClinicalTrials.gov
tri03302,1,ictrp,NCT04343261,ClinicalTrials.gov
tri03304,1,ictrp,NCT04343976,ClinicalTrials.gov
tri03305,1,ictrp,NCT04344561,ClinicalTrials.gov
tri03306,1,ictrp,NCT04344587,ClinicalTrials.gov
tri03307,1,ictrp,NCT04345419,ClinicalTrials.gov
tri03310,1,ictrp,NCT04346615,ClinicalTrials.gov
tri03311,1,ictrp,NCT04347954,ClinicalTrials.gov
tri03313,1,ictrp,NCT04350593,ClinicalTrials.gov
tri03314,1,ictrp,NCT04351347,ClinicalTrials.gov
tri03316,1,ictrp,NCT04353180,ClinicalTrials.gov
tri03317,1,ictrp,NCT04353284,ClinicalTrials.gov
tri03318,1,ictrp,NCT04353336,ClinicalTrials.gov
tri03319,1,ictrp,NCT04353674,ClinicalTrials.gov
tri03323,1,ictrp,NCT04354805,ClinicalTrials.gov
tri03324,1,ictrp,NCT04355728,ClinicalTrials.gov
tri03325,1,ictrp,NCT04355767,ClinicalTrials.gov
tri03328,1,ictrp,NCT04357028,ClinicalTrials.gov
tri03331,1,ictrp,NCT04357730,ClinicalTrials.gov
tri03332,1,ictrp,NCT04358068,ClinicalTrials.gov
tri03334,1,ictrp,NCT04358549,ClinicalTrials.gov
tri03335,1,ictrp,NCT04358835,ClinicalTrials.gov
tri03336,1,ictrp,NCT04359277,ClinicalTrials.gov
tri03337,1,ictrp,NCT04360824,ClinicalTrials.gov
tri03338,1,ictrp,NCT04361396,ClinicalTrials.gov
tri03340,1,ictrp,NCT04362137,ClinicalTrials.gov
tri03340,2,ictrp,EUCTR2020-001662-11,EudraCT
tri03343,1,ictrp,NCT04363203,ClinicalTrials.gov
tri03344,1,ictrp,NCT04363385,ClinicalTrials.gov
tri03345,1,ictrp,NCT04363463,ClinicalTrials.gov
tri03346,1,ictrp,NCT04363853,ClinicalTrials.gov
tri03347,1,ictrp,NCT04364737,ClinicalTrials.gov
tri03348,1,ictrp,NCT04364763,ClinicalTrials.gov
tri03349,1,ictrp,NCT04364893,ClinicalTrials.gov
tri03350,1,ictrp,NCT04365101,ClinicalTrials.gov
tri03351,1,ictrp,NCT04365582,ClinicalTrials.gov
tri03353,1,ictrp,NCT04366791,ClinicalTrials.gov
tri03359,1,ictrp,NCT04370834,ClinicalTrials.gov
tri03361,1,ictrp,NCT04371393,ClinicalTrials.gov
tri03365,1,ictrp,NCT04371822,ClinicalTrials.gov
tri03366,1,ictrp,NCT04372186,ClinicalTrials.gov
tri03367,1,ictrp,NCT04373460,ClinicalTrials.gov
tri03368,1,ictrp,NCT04373707,ClinicalTrials.gov
tri03369,1,ictrp,NCT04373733,ClinicalTrials.gov
tri03369,2,ictrp,EUCTR2020-001449-38,EudraCT
tri03371,1,ictrp,NCT04375397,ClinicalTrials.gov
tri03373,1,ictrp,NCT04376684,ClinicalTrials.gov
tri03373,2,ictrp,EUCTR2020-001759-42,EudraCT
tri03375,1,ictrp,NCT04377100,ClinicalTrials.gov
tri03376,1,ictrp,NCT04377334,ClinicalTrials.gov
tri03377,1,ictrp,NCT04377568,ClinicalTrials.gov
tri03378,1,ictrp,NCT04377620,ClinicalTrials.gov
tri03380,1,ictrp,NCT04380818,ClinicalTrials.gov
tri03381,1,ictrp,NCT04382586,ClinicalTrials.gov
tri03382,1,ictrp,NCT04382651,ClinicalTrials.gov
tri03386,1,ictrp,NCT04383613,ClinicalTrials.gov
tri03389,1,ictrp,NCT04386252,ClinicalTrials.gov
tri03390,1,ictrp,NCT04386616,ClinicalTrials.gov
tri03392,1,ictrp,NCT04387760,ClinicalTrials.gov
tri03394,1,ictrp,NCT04388826,ClinicalTrials.gov
tri03395,1,ictrp,NCT04389411,ClinicalTrials.gov
tri03396,1,ictrp,NCT04389710,ClinicalTrials.gov
tri03397,1,ictrp,NCT04389840,ClinicalTrials.gov
tri03399,1,ictrp,NCT04391309,ClinicalTrials.gov
tri03401,1,ictrp,NCT04392219,ClinicalTrials.gov
tri03402,1,ictrp,NCT04392973,ClinicalTrials.gov
tri03403,1,ictrp,NCT04393311,ClinicalTrials.gov
tri03404,1,ictrp,NCT04393948,ClinicalTrials.gov
tri03405,1,ictrp,NCT04394117,ClinicalTrials.gov
tri03406,1,ictrp,NCT04394377,ClinicalTrials.gov
tri03407,1,ictrp,NCT04394793,ClinicalTrials.gov
tri03412,1,ictrp,NCT04397718,ClinicalTrials.gov
tri03414,1,ictrp,NCT04399317,ClinicalTrials.gov
tri03415,1,ictrp,NCT04399889,ClinicalTrials.gov
tri03416,1,ictrp,NCT04399967,ClinicalTrials.gov
tri03418,1,ictrp,NCT04401579,ClinicalTrials.gov
tri03418,2,ictrp,JPRN-jRCT2031200035,jRCT
tri03419,1,ictrp,NCT04402866,ClinicalTrials.gov
tri03419,2,ictrp,EUCTR2020-001807-18,EudraCT
tri03421,1,ictrp,NCT04404361,ClinicalTrials.gov
tri03422,1,ictrp,NCT04405076,ClinicalTrials.gov
tri03423,1,ictrp,NCT04405570,ClinicalTrials.gov
tri03424,1,ictrp,NCT04405739,ClinicalTrials.gov
tri03425,1,ictrp,NCT04405908,ClinicalTrials.gov
tri03426,1,ictrp,NCT04405921,ClinicalTrials.gov
tri03427,1,ictrp,NCT04405934,ClinicalTrials.gov
tri03429,1,ictrp,NCT04407130,ClinicalTrials.gov
tri03432,1,ictrp,NCT04407689,ClinicalTrials.gov
tri03434,1,ictrp,NCT04409262,ClinicalTrials.gov
tri03435,1,ictrp,NCT04409925,ClinicalTrials.gov
tri03436,1,ictrp,NCT04410159,ClinicalTrials.gov
tri03437,1,ictrp,NCT04410354,ClinicalTrials.gov
tri03439,1,ictrp,NCT04411628,ClinicalTrials.gov
tri03440,1,ictrp,NCT04412291,ClinicalTrials.gov
tri03442,1,ictrp,NCT04412330,ClinicalTrials.gov
tri03443,1,ictrp,NCT04412668,ClinicalTrials.gov
tri03444,1,ictrp,NCT04414267,ClinicalTrials.gov
tri03444,2,ictrp,EUCTR2020-002448-21,EudraCT
tri03445,1,ictrp,NCT04415060,ClinicalTrials.gov
tri03448,1,ictrp,NCT04417257,ClinicalTrials.gov
tri03450,1,ictrp,NCT04419610,ClinicalTrials.gov
tri03451,1,ictrp,NCT04420247,ClinicalTrials.gov
tri03453,1,ictrp,NCT04420338,ClinicalTrials.gov
tri03454,1,ictrp,NCT04420741,ClinicalTrials.gov
tri03454,2,ictrp,EUCTR2020-001296-33,EudraCT
tri03455,1,ictrp,NCT04421027,ClinicalTrials.gov
tri03455,2,ictrp,EUCTR2020-001517-21,EudraCT
tri03456,1,ictrp,NCT04421508,ClinicalTrials.gov
tri03461,1,ictrp,NCT04425031,ClinicalTrials.gov
tri03462,1,ictrp,NCT04425629,ClinicalTrials.gov
tri03463,1,ictrp,NCT04425720,ClinicalTrials.gov
tri03467,1,ictrp,NCT04426695,ClinicalTrials.gov
tri03468,1,ictrp,NCT04427098,ClinicalTrials.gov
tri03468,2,ictrp,EUCTR2020-001308-40,EudraCT
tri03469,1,ictrp,NCT04427137,ClinicalTrials.gov
tri03470,1,ictrp,NCT04427501,ClinicalTrials.gov
tri03471,1,ictrp,NCT04427566,ClinicalTrials.gov
tri03472,1,ictrp,NCT04428008,ClinicalTrials.gov
tri03480,1,ictrp,NCT04432103,ClinicalTrials.gov
tri03481,1,ictrp,NCT04432298,ClinicalTrials.gov
tri03482,1,ictrp,NCT04432766,ClinicalTrials.gov
tri03484,1,ictrp,NCT04432805,ClinicalTrials.gov
tri03488,1,ictrp,NCT04432987,ClinicalTrials.gov
tri03489,1,ictrp,NCT04433013,ClinicalTrials.gov
tri03491,1,ictrp,NCT04433078,ClinicalTrials.gov
tri03496,1,ictrp,NCT04433546,ClinicalTrials.gov
tri03499,1,ictrp,NCT04433910,ClinicalTrials.gov
tri03499,2,ictrp,EUCTR2020-001310-38,EudraCT
tri03500,1,ictrp,NCT04433949,ClinicalTrials.gov
tri03502,1,ictrp,NCT04434248,ClinicalTrials.gov
tri03505,1,ictrp,NCT04435015,ClinicalTrials.gov
tri03511,1,ictrp,NCT04435184,ClinicalTrials.gov
tri03513,1,ictrp,NCT04435275,ClinicalTrials.gov
tri03514,1,ictrp,NCT04435314,ClinicalTrials.gov
tri03516,1,ictrp,NCT04435353,ClinicalTrials.gov
tri03517,1,ictrp,NCT04435379,ClinicalTrials.gov
tri03517,2,ictrp,EUCTR2020-001675-33,EudraCT
tri03519,1,ictrp,NCT04435587,ClinicalTrials.gov
tri03520,1,ictrp,NCT04435717,ClinicalTrials.gov
tri03521,1,ictrp,NCT04435795,ClinicalTrials.gov
tri03522,1,ictrp,NCT04435808,ClinicalTrials.gov
tri03523,1,ictrp,NCT04436276,ClinicalTrials.gov
tri03524,1,ictrp,NCT04436458,ClinicalTrials.gov
tri03525,1,ictrp,NCT04436471,ClinicalTrials.gov
tri03529,1,ictrp,NCT04437693,ClinicalTrials.gov
tri03531,1,ictrp,NCT04437719,ClinicalTrials.gov
tri03532,1,ictrp,NCT04437823,ClinicalTrials.gov
tri03533,1,ictrp,NCT04437875,ClinicalTrials.gov
tri03536,1,ictrp,NCT04438057,ClinicalTrials.gov
tri03540,1,ictrp,NCT04438694,ClinicalTrials.gov
tri03541,1,ictrp,NCT04438837,ClinicalTrials.gov
tri03542,1,ictrp,NCT04438850,ClinicalTrials.gov
tri03547,1,ictrp,NCT04438980,ClinicalTrials.gov
tri03547,2,ictrp,EUCTR2020-001827-15,EudraCT
tri03549,1,ictrp,NCT04439006,ClinicalTrials.gov
tri03550,1,ictrp,NCT04439045,ClinicalTrials.gov
tri03551,1,ictrp,NCT04439071,ClinicalTrials.gov
tri03553,1,ictrp,NCT04440007,ClinicalTrials.gov
tri03556,1,ictrp,NCT04441385,ClinicalTrials.gov
tri03557,1,ictrp,NCT04441398,ClinicalTrials.gov
tri03561,1,ictrp,NCT04441632,ClinicalTrials.gov
tri03564,1,ictrp,NCT04441918,ClinicalTrials.gov
tri03565,1,ictrp,NCT04441996,ClinicalTrials.gov
tri03566,1,ictrp,NCT04442048,ClinicalTrials.gov
tri03567,1,ictrp,NCT04442152,ClinicalTrials.gov
tri03569,1,ictrp,NCT04442178,ClinicalTrials.gov
tri03570,1,ictrp,NCT04442191,ClinicalTrials.gov
tri03573,1,ictrp,NCT04442230,ClinicalTrials.gov
tri03583,1,ictrp,NCT04443270,ClinicalTrials.gov
tri03585,1,ictrp,NCT04443673,ClinicalTrials.gov
tri03587,1,ictrp,NCT04443725,ClinicalTrials.gov
tri03590,1,ictrp,NCT04443868,ClinicalTrials.gov
tri03591,1,ictrp,NCT04443881,ClinicalTrials.gov
tri03593,1,ictrp,NCT04444271,ClinicalTrials.gov
tri03599,1,ictrp,NCT04444596,ClinicalTrials.gov
tri03602,1,ictrp,NCT04444674,ClinicalTrials.gov
tri03604,1,ictrp,NCT04444700,ClinicalTrials.gov
tri03606,1,ictrp,NCT04445194,ClinicalTrials.gov
tri03608,1,ictrp,NCT04445220,ClinicalTrials.gov
tri03610,1,ictrp,NCT04445246,ClinicalTrials.gov
tri03612,1,ictrp,NCT04445272,ClinicalTrials.gov
tri03613,1,ictrp,NCT04445285,ClinicalTrials.gov
tri03614,1,ictrp,NCT04445311,ClinicalTrials.gov
tri03615,1,ictrp,NCT04445324,ClinicalTrials.gov
tri03616,1,ictrp,NCT04445337,ClinicalTrials.gov
tri03617,1,ictrp,NCT04445376,ClinicalTrials.gov
tri03618,1,ictrp,NCT04445389,ClinicalTrials.gov
tri03621,1,ictrp,NCT04445428,ClinicalTrials.gov
tri03623,1,ictrp,NCT04445454,ClinicalTrials.gov
tri03624,1,ictrp,NCT04445467,ClinicalTrials.gov
tri03629,1,ictrp,NCT04445623,ClinicalTrials.gov
tri03631,1,ictrp,NCT04445935,ClinicalTrials.gov
tri03633,1,ictrp,NCT04446065,ClinicalTrials.gov
tri03634,1,ictrp,NCT04446104,ClinicalTrials.gov
tri03638,1,ictrp,NCT04446377,ClinicalTrials.gov
tri03639,1,ictrp,NCT04446429,ClinicalTrials.gov
tri03644,1,ictrp,NCT04447235,ClinicalTrials.gov
tri03645,1,ictrp,NCT04447469,ClinicalTrials.gov
tri03647,1,ictrp,NCT04447534,ClinicalTrials.gov
tri03650,1,ictrp,NCT04448119,ClinicalTrials.gov
tri03657,1,ictrp,NCT04448756,ClinicalTrials.gov
tri03658,1,ictrp,NCT04448769,ClinicalTrials.gov
tri03663,1,ictrp,NCT04449276,ClinicalTrials.gov
tri03664,1,ictrp,NCT04449380,ClinicalTrials.gov
tri03666,1,ictrp,ACTRN12620000698976,ANZCTR
tri03668,1,ictrp,ACTRN12620000707965,ANZCTR
tri03674,1,ictrp,ISRCTN54917435,ISRCTN
tri03676,1,ictrp,ISRCTN17072692,ISRCTN
tri03678,1,ictrp,EUCTR2020-001209-22,EudraCT
tri03678,2,ictrp,ISRCTN86534580,ISRCTN
tri03679,1,ictrp,ISRCTN37530113,ISRCTN
tri03682,1,ictrp,ChiCTR2000034164,ChiCTR
tri03683,1,ictrp,ChiCTR2000034112,ChiCTR
tri03684,1,ictrp,ChiCTR2000034076,ChiCTR
tri03685,1,ictrp,ChiCTR2000029589,ChiCTR
tri03686,1,ictrp,EUCTR2020-001767-86,EudraCT
tri03687,1,ictrp,EUCTR2020-001777-71,EudraCT
tri03688,1,ictrp,EUCTR2020-001745-40,EudraCT
tri03689,1,ictrp,EUCTR2020-001501-24,EudraCT
tri03690,1,ictrp,EUCTR2020-001390-76,EudraCT
tri03691,1,ictrp,EUCTR2020-001528-32,EudraCT
tri03692,1,ictrp,EUCTR2020-001987-28,EudraCT
tri03694,1,ictrp,EUCTR2020-001921-30,EudraCT
tri03695,1,ictrp,EUCTR2020-001795-15,EudraCT
tri03696,1,ictrp,EUCTR2020-001854-23,EudraCT
tri03697,1,ictrp,EUCTR2020-001558-23,EudraCT
tri03710,1,ictrp,NL8521,NTR
tri03712,1,ictrp,NL8578,NTR
tri03713,1,ictrp,NL8577,NTR
tri03718,1,ictrp,NL8538,NTR
tri03726,1,ictrp,NL8633,NTR
tri03730,1,ictrp,NL8490,NTR
tri03745,1,ictrp,NCT04324606,ClinicalTrials.gov
tri03745,2,ictrp,EUCTR2020-001072-15,EudraCT
tri03745,3,ictrp,ISRCTN15281137,ISRCTN
tri03746,1,ictrp,NCT04381936,ClinicalTrials.gov
tri03746,2,auto,EUCTR2020-001113-21,EudraCT
tri03746,3,auto,ISRCTN50189673,ISRCTN
tri03747,1,ictrp,NCT04348305,ClinicalTrials.gov
tri03747,2,ictrp,EUCTR2020-001395-15,EudraCT
tri03748,1,ictrp,NCT04327388,ClinicalTrials.gov
tri03748,2,ictrp,EUCTR2020-001162-12,EudraCT
tri03749,1,ictrp,NCT04451083,ClinicalTrials.gov
tri03749,2,ictrp,JPRN-JapicCTI-205326,JapicCTI
